id,slug,created_at,updated_at,promoted_at,width,height,description,links
GPPAjJicemU,sunset-GPPAjJicemU,2017-05-23T19:35:38Z,2025-02-25T12:20:26Z,2017-05-24T13:07:46Z,6000,4000,Every sunset is unique and everytime I see my Hometown sunset it is like a magic hour. You feel relaxed and you know that is the end of the day. A beautiful shot from Patras town of Greece.,https://unsplash.com/photos/GPPAjJicemU/download?ixid=M3w3MTQ1MTR8MHwxfHNlYXJjaHwyfHxzdW5zZXR8ZW58MHx8fHwxNzQwNDk0MDExfDA
AksmkMQTdik,silhouette-photo-of-body-of-water-AksmkMQTdik,2018-09-14T02:07:40Z,2025-02-25T12:31:03Z,,6000,4000,Sunset on the horizon,https://unsplash.com/photos/AksmkMQTdik/download?ixid=M3w3MTQ1MTR8MHwxfHNlYXJjaHw1MHx8c3Vuc2V0fGVufDB8fHx8MTc0MDQ5NDAxMXww
FyupdxtwnrQ,sunset-covered-by-clouds-FyupdxtwnrQ,2018-07-04T03:37:32Z,2025-02-25T12:29:39Z,2018-07-06T14:23:46Z,6000,4000,Sunset above the clouds,https://unsplash.com/photos/FyupdxtwnrQ/download?ixid=M3w3MTQ1MTR8MHwxfHNlYXJjaHw2MHx8c3Vuc2V0fGVufDB8fHx8MTc0MDQ5NDAxMnww
B1GMcmfDj-Q,silhouette-of-moutnain-sunset-B1GMcmfDj-Q,2018-12-20T08:20:39Z,2025-02-25T12:34:19Z,,6000,4000,Red passion,https://unsplash.com/photos/B1GMcmfDj-Q/download?ixid=M3w3MTQ1MTR8MHwxfHNlYXJjaHw2NXx8c3Vuc2V0fGVufDB8fHx8MTc0MDQ5NDAxMnww
xg8z_KhSorQ,silhouette-of-plant-during-sunset-xg8z_KhSorQ,2017-11-15T22:26:45Z,2025-02-25T09:49:50Z,2017-11-16T14:12:14Z,6000,4000,Day‚Äôs like this..,https://unsplash.com/photos/xg8z_KhSorQ/download?ixid=M3w3MTQ1MTR8MHwxfHNlYXJjaHw3OXx8c3Vuc2V0fGVufDB8fHx8MTc0MDQ5NDAxMnww
sXXLJ4gdKYo,selective-focus-photography-of-green-leaf-plant-sXXLJ4gdKYo,2018-01-14T21:42:42Z,2025-02-25T12:26:22Z,,6000,4000,Glow,https://unsplash.com/photos/sXXLJ4gdKYo/download?ixid=M3w3MTQ1MTR8MHwxfHNlYXJjaHwxMjN8fHN1bnNldHxlbnwwfHx8fDE3NDA0OTQwMTF8MA
JWJzEx_KVUM,white-clouds-at-golden-hour-JWJzEx_KVUM,2017-10-16T20:06:43Z,2025-02-25T09:49:22Z,2017-10-17T12:30:01Z,6000,4000,white clouds at golden hour,https://unsplash.com/photos/JWJzEx_KVUM/download?ixid=M3w3MTQ1MTR8MHwxfHNlYXJjaHwyMTV8fHN1bnNldHxlbnwwfHx8fDE3NDA0OTQwMTF8MA
5__JKMn5H_c,photo-of-still-body-of-water-5__JKMn5H_c,2017-06-20T22:09:54Z,2025-02-25T12:20:52Z,2017-06-21T14:54:16Z,6000,4000,Mountain lake at sunset,https://unsplash.com/photos/5__JKMn5H_c/download?ixid=M3w3MTQ1MTR8MHwxfHNlYXJjaHwyOTl8fHN1bnNldHxlbnwwfHx8fDE3NDA0OTQwMTJ8MA
63JKK67yGUE,silhouette-of-stone-on-seashore-during-golden-hour-63JKK67yGUE,2017-06-03T09:39:29Z,2025-02-25T12:20:36Z,2017-06-04T09:08:19Z,6000,4000,"The 12 Apostles on the Great Ocean Road in Victoria is truly a sight to behold. This stunning section of coastline, boasting monoliths protruding from the ocean, is often overcrowded with tourists. I was very fortunate to arrive as the sun was setting and captured some magical shots.",https://unsplash.com/photos/63JKK67yGUE/download?ixid=M3w3MTQ1MTR8MHwxfHNlYXJjaHwzMDl8fHN1bnNldHxlbnwwfHx8fDE3NDA0OTQwMTJ8MA
I7WGfFOAhSQ,silhouette-photo-of-sea-during-golden-hour-I7WGfFOAhSQ,2019-03-23T06:39:09Z,2025-02-25T12:37:10Z,,6000,4000,"Last day of 2018 walking around in Tel-Aviv I noticed the time in the end of the day, and quickly got to the beach. Just managed to capture this stunning sunset last day of the year. What a perfect ending of 2018!",https://unsplash.com/photos/I7WGfFOAhSQ/download?ixid=M3w3MTQ1MTR8MHwxfHNlYXJjaHwzNTV8fHN1bnNldHxlbnwwfHx8fDE3NDA0OTQwMTJ8MA
llE-x_yrYN0,red-sky-reflecting-body-of-water-llE-x_yrYN0,2018-03-15T15:27:03Z,2025-02-25T09:51:52Z,2018-03-17T17:24:52Z,6000,4000,red sky reflecting body of water,https://unsplash.com/photos/llE-x_yrYN0/download?ixid=M3w3MTQ1MTR8MHwxfHNlYXJjaHwzNTd8fHN1bnNldHxlbnwwfHx8fDE3NDA0OTQwMTJ8MA
_krFuIL0n9w,silhouette-of-mountain-under-orange-sky-_krFuIL0n9w,2017-10-27T10:36:49Z,2025-02-25T12:24:04Z,2017-10-27T14:36:25Z,6000,4000,silhouette of mountain under orange sky,https://unsplash.com/photos/_krFuIL0n9w/download?ixid=M3w3MTQ1MTR8MHwxfHNlYXJjaHwzNzF8fHN1bnNldHxlbnwwfHx8fDE3NDA0OTQwMTJ8MA
6p7zCxcnlHk,a-large-body-of-water-with-a-sunset-in-the-background-6p7zCxcnlHk,2020-02-13T17:28:21Z,2025-02-25T12:50:33Z,,6000,4000,Sunset on Dead Sea . #wallpaper #wallpapers #sunset #sun #sea #deadsea #red #orange #jordan #landscape,https://unsplash.com/photos/6p7zCxcnlHk/download?ixid=M3w3MTQ1MTR8MHwxfHNlYXJjaHwzOTB8fHN1bnNldHxlbnwwfHx8fDE3NDA0OTQwMTJ8MA
R8Fg4uQfcGc,sunset-view-on-farm-field-R8Fg4uQfcGc,2017-10-24T13:09:51Z,2025-02-25T09:49:29Z,2017-10-25T14:54:00Z,6000,4000,no filter,https://unsplash.com/photos/R8Fg4uQfcGc/download?ixid=M3w3MTQ1MTR8MHwxfHNlYXJjaHw0MTV8fHN1bnNldHxlbnwwfHx8fDE3NDA0OTQwMTJ8MA
ZKRMUbAcx5Y,white-concrete-buildings-ZKRMUbAcx5Y,2020-01-14T20:13:39Z,2025-02-25T12:49:14Z,,6000,4000,white concrete buildings,https://unsplash.com/photos/ZKRMUbAcx5Y/download?ixid=M3w3MTQ1MTR8MHwxfHNlYXJjaHw0Mjd8fHN1bnNldHxlbnwwfHx8fDE3NDA0OTQwMTJ8MA
edu_UJYxJBA,silhouette-of-mountain-during-golden-hour-edu_UJYxJBA,2017-08-24T19:04:42Z,2025-02-25T12:21:59Z,2017-08-25T09:13:44Z,6000,4000,silhouette of mountain during golden hour,https://unsplash.com/photos/edu_UJYxJBA/download?ixid=M3w3MTQ1MTR8MHwxfHNlYXJjaHw0Mjl8fHN1bnNldHxlbnwwfHx8fDE3NDA0OTQwMTJ8MA
62t_kKa2YlA,silhouette-photo-of-mountain-during-golden-hour-62t_kKa2YlA,2018-09-06T18:08:50Z,2025-02-25T12:30:54Z,2018-09-07T12:49:08Z,6000,4000,lost in the wilderness,https://unsplash.com/photos/62t_kKa2YlA/download?ixid=M3w3MTQ1MTR8MHwxfHNlYXJjaHw0MzR8fHN1bnNldHxlbnwwfHx8fDE3NDA0OTQwMTJ8MA
0-eBnY2mBGU,peak-mountain-during-golden-hour-0-eBnY2mBGU,2018-01-23T15:22:07Z,2025-02-25T12:26:38Z,,6000,4000,Sunrise at Serra dos √ìrg√£os,https://unsplash.com/photos/0-eBnY2mBGU/download?ixid=M3w3MTQ1MTR8MHwxfHNlYXJjaHw0NTB8fHN1bnNldHxlbnwwfHx8fDE3NDA0OTQwMTJ8MA
SIbpq4Lvzdk,landscape-photo-of-mountain-during-golden-hour-SIbpq4Lvzdk,2018-04-12T07:30:09Z,2025-02-25T12:28:09Z,,6000,4000,landscape photo of mountain during golden hour,https://unsplash.com/photos/SIbpq4Lvzdk/download?ixid=M3w3MTQ1MTR8MHwxfHNlYXJjaHw0Njd8fHN1bnNldHxlbnwwfHx8fDE3NDA0OTQwMTJ8MA
Bm0Ja6LZWl4,rocks-on-sea-under-sunset-Bm0Ja6LZWl4,2015-09-02T00:39:29Z,2025-02-25T12:16:58Z,2015-09-02T00:39:29Z,6000,4000,Bandon sunset over the ocean and rocks,https://unsplash.com/photos/Bm0Ja6LZWl4/download?ixid=M3w3MTQ1MTR8MHwxfHNlYXJjaHw0ODh8fHN1bnNldHxlbnwwfHx8fDE3NDA0OTQwMTJ8MA
yTzdhO_zyZ8,silhouette-of-mountains-during-golden-hour-yTzdhO_zyZ8,2017-11-25T09:40:47Z,2025-02-25T12:24:57Z,2017-11-27T04:38:36Z,6000,4000,Wowwww,https://unsplash.com/photos/yTzdhO_zyZ8/download?ixid=M3w3MTQ1MTR8MHwxfHNlYXJjaHw0OTl8fHN1bnNldHxlbnwwfHx8fDE3NDA0OTQwMTJ8MA
I6laG1R_WO0,silhouette-of-trees-during-sunset-I6laG1R_WO0,2020-03-27T07:11:01Z,2025-02-25T12:52:31Z,,6000,4000,silhouette of trees during sunset,https://unsplash.com/photos/I6laG1R_WO0/download?ixid=M3w3MTQ1MTR8MHwxfHNlYXJjaHw1MDV8fHN1bnNldHxlbnwwfHx8fDE3NDA0OTQwMTJ8MA
aX4zU9Rp7jo,silhouette-photography-of-trees-aX4zU9Rp7jo,2018-04-12T08:24:13Z,2025-02-25T12:28:09Z,,6000,4000,silhouette photography of trees,https://unsplash.com/photos/aX4zU9Rp7jo/download?ixid=M3w3MTQ1MTR8MHwxfHNlYXJjaHw1MjB8fHN1bnNldHxlbnwwfHx8fDE3NDA0OTQwMTJ8MA
_BjTE2vp848,sea-during-golden-hour-_BjTE2vp848,2018-12-06T03:44:46Z,2025-02-25T12:33:53Z,,6000,4000,Beach üèñ,https://unsplash.com/photos/_BjTE2vp848/download?ixid=M3w3MTQ1MTR8MHwxfHNlYXJjaHw1MjF8fHN1bnNldHxlbnwwfHx8fDE3NDA0OTQwMTJ8MA
lS_eDob6DDg,silhouette-on-two-persons-on-dune-lS_eDob6DDg,2018-01-13T06:31:50Z,2025-02-25T09:50:42Z,2018-01-15T01:53:42Z,6000,4000,"During a roadtrip along the Australian est coast we stoped at Port Stephens. We stumble upon the longest moving sand dunes in the southern hemisphere. The sunset was breathtaking, the light constantly changes the color or the sky, we felt like we were in the moon.",https://unsplash.com/photos/lS_eDob6DDg/download?ixid=M3w3MTQ1MTR8MHwxfHNlYXJjaHw1Nzd8fHN1bnNldHxlbnwwfHx8fDE3NDA0OTQwMTJ8MA
tzN29HwmNiI,shore-with-stones-near-ocean-at-golden-hour-tzN29HwmNiI,2018-05-10T12:43:41Z,2025-02-25T12:28:39Z,,6000,4000,Amazing cloudy sunset in Denmark last week.,https://unsplash.com/photos/tzN29HwmNiI/download?ixid=M3w3MTQ1MTR8MHwxfHNlYXJjaHw2MDF8fHN1bnNldHxlbnwwfHx8fDE3NDA0OTQwMTJ8MA
ZCRtfop2hZY,photography-of-beach-resort-during-golden-hour-ZCRtfop2hZY,2018-01-08T09:49:11Z,2025-02-25T12:26:12Z,,6000,4000,photography of beach resort during golden hour,https://unsplash.com/photos/ZCRtfop2hZY/download?ixid=M3w3MTQ1MTR8MHwxfHNlYXJjaHw2MTF8fHN1bnNldHxlbnwwfHx8fDE3NDA0OTQwMTJ8MA
KKk1f8hMFkE,high-rise-buildings-KKk1f8hMFkE,2018-11-17T08:22:38Z,2025-02-25T12:33:16Z,2018-11-19T10:18:54Z,6000,4000,China Beijing,https://unsplash.com/photos/KKk1f8hMFkE/download?ixid=M3w3MTQ1MTR8MHwxfHNlYXJjaHw2NDd8fHN1bnNldHxlbnwwfHx8fDE3NDA0OTQwMTJ8MA
eOroWauv9po,silhouette-of-person-on-sea-during-sunset-eOroWauv9po,2020-02-25T16:04:01Z,2025-02-25T10:14:24Z,,6000,4000,silhouette of person on sea during sunset,https://unsplash.com/photos/eOroWauv9po/download?ixid=M3w3MTQ1MTR8MHwxfHNlYXJjaHw2NjB8fHN1bnNldHxlbnwwfHx8fDE3NDA0OTQwMTJ8MA
n1QrBjI5lVA,airplane-on-mid-air-above-body-of-water-n1QrBjI5lVA,2019-08-24T04:55:30Z,2025-02-25T10:06:07Z,,6000,4000,Sunset and a plane,https://unsplash.com/photos/n1QrBjI5lVA/download?ixid=M3w3MTQ1MTR8MHwxfHNlYXJjaHw2Njl8fHN1bnNldHxlbnwwfHx8fDE3NDA0OTQwMTJ8MA
gdmwq7NOtrM,body-of-water-under-horizon-gdmwq7NOtrM,2018-01-16T23:58:46Z,2025-02-25T09:50:45Z,,6000,4000,Polished and chrome,https://unsplash.com/photos/gdmwq7NOtrM/download?ixid=M3w3MTQ1MTR8MHwxfHNlYXJjaHw2OTd8fHN1bnNldHxlbnwwfHx8fDE3NDA0OTQwMTJ8MA
huJrnPsVCp8,silhouette-of-buildings-during-sunset-huJrnPsVCp8,2020-04-29T17:09:06Z,2025-02-25T12:54:23Z,,6000,4000,silhouette of buildings during sunset,https://unsplash.com/photos/huJrnPsVCp8/download?ixid=M3w3MTQ1MTR8MHwxfHNlYXJjaHw3MTN8fHN1bnNldHxlbnwwfHx8fDE3NDA0OTQwMTJ8MA
yHK6p_AX3xU,brown-mountain-silhouette-during-sunset-yHK6p_AX3xU,2017-11-18T18:22:56Z,2025-02-25T12:24:44Z,,6000,4000,brown mountain silhouette during sunset,https://unsplash.com/photos/yHK6p_AX3xU/download?ixid=M3w3MTQ1MTR8MHwxfHNlYXJjaHw3NjZ8fHN1bnNldHxlbnwwfHx8fDE3NDA0OTQwMTJ8MA
cobZEuUTjA0,white-sailboat-traveling-on-a-body-of-water-cobZEuUTjA0,2018-06-08T20:28:24Z,2025-02-25T09:53:17Z,,6000,4000,Sailing by sunset,https://unsplash.com/photos/cobZEuUTjA0/download?ixid=M3w3MTQ1MTR8MHwxfHNlYXJjaHw3OTR8fHN1bnNldHxlbnwwfHx8fDE3NDA0OTQwMTJ8MA
a6z2tYFEjR8,photo-of-cityscape-under-white-clouds-during-golden-hours-a6z2tYFEjR8,2017-08-31T16:45:46Z,2025-02-25T12:22:13Z,2017-09-01T10:24:51Z,6000,4000,"I was taking a stroll with my newborn nephew at a local park, enjoying the quality time, scenic views and warmth of the day. As the sun set the sky turned hundreds of different colors, reminding me of the effortless beauty of nature. The Manhattan skyline served a perfect canvas for the colors to transform. It was one of those moments where you have to be in the right place, at the right time, with a camera ready.",https://unsplash.com/photos/a6z2tYFEjR8/download?ixid=M3w3MTQ1MTR8MHwxfHNlYXJjaHw3OTZ8fHN1bnNldHxlbnwwfHx8fDE3NDA0OTQwMTJ8MA
XvKa1wDTSwE,silhouette-of-2-person-walking-on-beach-during-sunset-XvKa1wDTSwE,2020-02-11T05:44:16Z,2025-02-25T12:50:26Z,,6000,4000,Sunrise beach walk,https://unsplash.com/photos/XvKa1wDTSwE/download?ixid=M3w3MTQ1MTR8MHwxfHNlYXJjaHw4MzV8fHN1bnNldHxlbnwwfHx8fDE3NDA0OTQwMTJ8MA
YnCpTJABQEo,ocean-waves-crashing-on-shore-during-sunset-YnCpTJABQEo,2021-01-31T02:17:15Z,2025-02-25T13:10:19Z,,6000,4000,beautiful sunset,https://unsplash.com/photos/YnCpTJABQEo/download?ixid=M3w3MTQ1MTR8MHwxfHNlYXJjaHw4NTB8fHN1bnNldHxlbnwwfHx8fDE3NDA0OTQwMTJ8MA
hFlqFl9XQXU,silhouette-of-city-buildings-during-sunset-hFlqFl9XQXU,2020-05-10T18:17:26Z,2025-02-25T10:19:19Z,,6000,4000,"Sunset on the West Lake, Hanoi",https://unsplash.com/photos/hFlqFl9XQXU/download?ixid=M3w3MTQ1MTR8MHwxfHNlYXJjaHw4NjN8fHN1bnNldHxlbnwwfHx8fDE3NDA0OTQwMTJ8MA
iNrQKpNUm7s,silhouette-of-trees-during-sunset-iNrQKpNUm7s,2020-06-20T12:21:01Z,2025-02-25T10:23:37Z,,6000,4000,Sunset,https://unsplash.com/photos/iNrQKpNUm7s/download?ixid=M3w3MTQ1MTR8MHwxfHNlYXJjaHw4Nzl8fHN1bnNldHxlbnwwfHx8fDE3NDA0OTQwMTJ8MA
CvmL4IVo_2E,boat-on-seashore-during-sunset-CvmL4IVo_2E,2018-01-08T09:54:42Z,2025-02-25T12:26:12Z,,6000,4000,boat on seashore during sunset,https://unsplash.com/photos/CvmL4IVo_2E/download?ixid=M3w3MTQ1MTR8MHwxfHNlYXJjaHw5MDd8fHN1bnNldHxlbnwwfHx8fDE3NDA0OTQwMTJ8MA
zk57UHT1iYM,silhouette-of-mountain-under-clear-blue-sky-zk57UHT1iYM,2018-11-08T09:36:06Z,2025-02-25T12:32:56Z,,6000,4000,silhouette of mountain under clear blue sky,https://unsplash.com/photos/zk57UHT1iYM/download?ixid=M3w3MTQ1MTR8MHwxfHNlYXJjaHw5MDl8fHN1bnNldHxlbnwwfHx8fDE3NDA0OTQwMTJ8MA
r3Ade20Cmrc,silhouette-of-mountain-under-golden-hour-r3Ade20Cmrc,2019-03-08T21:48:19Z,2025-02-25T09:59:38Z,,6000,4000,silhouette of mountain under golden hour,https://unsplash.com/photos/r3Ade20Cmrc/download?ixid=M3w3MTQ1MTR8MHwxfHNlYXJjaHw5MzV8fHN1bnNldHxlbnwwfHx8fDE3NDA0OTQwMTJ8MA
TMPio7a5Aes,silhouette-of-trees-TMPio7a5Aes,2017-09-27T10:14:13Z,2025-02-25T12:23:06Z,2017-09-29T15:59:20Z,6000,4000,"For a few days after work, I drove straight down to this field for sunrise, one of the most beautiful spots that I‚Äôve found + so close to my house.",https://unsplash.com/photos/TMPio7a5Aes/download?ixid=M3w3MTQ1MTR8MHwxfHNlYXJjaHw5ODN8fHN1bnNldHxlbnwwfHx8fDE3NDA0OTQwMTJ8MA
fWGKyZOLz4s,silhouette-of-island-during-red-and-blue-cloudy-day-fWGKyZOLz4s,2018-01-09T20:28:59Z,2025-02-25T09:50:38Z,2018-01-11T10:10:01Z,6000,4000,Driving down from Sjeverni Velebit National Park.,https://unsplash.com/photos/fWGKyZOLz4s/download?ixid=M3w3MTQ1MTR8MHwxfHNlYXJjaHw5ODd8fHN1bnNldHxlbnwwfHx8fDE3NDA0OTQwMTJ8MA
YANyIbbgHDY,silhouette-person-standing-on-seashore-rock-during-daytime-YANyIbbgHDY,2017-02-17T20:25:58Z,2025-02-25T09:46:27Z,2017-02-17T20:25:58Z,6000,4000,"Watching the sunset in El Matador Beach in Malibu, CA.",https://unsplash.com/photos/YANyIbbgHDY/download?ixid=M3w3MTQ1MTR8MHwxfHNlYXJjaHw5OTl8fHN1bnNldHxlbnwwfHx8fDE3NDA0OTQwMTJ8MA
S0EaDDzzGTA,large-body-of-water-across-high-rise-building-under-orange-white-and-blue-cloudy-skies-S0EaDDzzGTA,2018-01-29T01:11:04Z,2025-02-25T09:51:02Z,,6000,4000,Singapore Marina Bay Sunrise,https://unsplash.com/photos/S0EaDDzzGTA/download?ixid=M3w3MTQ1MTR8MHwxfHNlYXJjaHwxMDAyfHxzdW5zZXR8ZW58MHx8fHwxNzQwNDk0MDEyfDA
kPEkhSaBx3U,fog-covering-mountains-kPEkhSaBx3U,2017-01-03T03:15:45Z,2025-02-25T12:19:06Z,2017-01-03T03:15:45Z,6000,4000,sunset of the WuTong Mountain,https://unsplash.com/photos/kPEkhSaBx3U/download?ixid=M3w3MTQ1MTR8MHwxfHNlYXJjaHwxMDM4fHxzdW5zZXR8ZW58MHx8fHwxNzQwNDk0MDEyfDA
XYPTPLfiUU4,calm-body-of-water-beside-mountain-XYPTPLfiUU4,2018-01-17T09:48:07Z,2025-02-25T12:26:26Z,,6000,4000,A sunset reflects in the beautiful lake at the Bergseeh√ºtte in Central Switzerland.,https://unsplash.com/photos/XYPTPLfiUU4/download?ixid=M3w3MTQ1MTR8MHwxfHNlYXJjaHwxMDkzfHxzdW5zZXR8ZW58MHx8fHwxNzQwNDk0MDEyfDA
TfQyF6_2HsM,silhouette-of-people-on-beach-during-sunset-TfQyF6_2HsM,2021-02-07T18:46:49Z,2025-02-25T13:10:46Z,,6000,4000,silhouette of people on beach during sunset,https://unsplash.com/photos/TfQyF6_2HsM/download?ixid=M3w3MTQ1MTR8MHwxfHNlYXJjaHwxMTIzfHxzdW5zZXR8ZW58MHx8fHwxNzQwNDk0MDEyfDA
XJheiK_zgeQ,sun-set-over-the-ocean-XJheiK_zgeQ,2019-03-08T03:53:34Z,2025-02-25T09:59:36Z,,6000,4000,sun set over the ocean,https://unsplash.com/photos/XJheiK_zgeQ/download?ixid=M3w3MTQ1MTR8MHwxfHNlYXJjaHwxMTI1fHxzdW5zZXR8ZW58MHx8fHwxNzQwNDk0MDEyfDA
aCuXqDd1I1I,orange-and-grey-clouds-during-sunset-aCuXqDd1I1I,2020-04-12T12:49:10Z,2025-02-25T12:53:24Z,,6000,4000,"By Jasmyn Favager
 
 ‚ÄúDon‚Äôt forget: beautiful sunsets need cloudy skies‚Ä¶‚Äù Paulo Coelho",https://unsplash.com/photos/aCuXqDd1I1I/download?ixid=M3w3MTQ1MTR8MHwxfHNlYXJjaHwxMTU3fHxzdW5zZXR8ZW58MHx8fHwxNzQwNDk0MDEyfDA
OBQKfQLzhSA,silhouette-of-mountain-during-sunset-OBQKfQLzhSA,2020-06-15T22:51:56Z,2025-02-25T10:23:15Z,,6000,4000,"Bright purple, orange and yellow sunset in the mountains.",https://unsplash.com/photos/OBQKfQLzhSA/download?ixid=M3w3MTQ1MTR8MHwxfHNlYXJjaHwxMTgzfHxzdW5zZXR8ZW58MHx8fHwxNzQwNDk0MDEyfDA
lJe_mApwSMo,silhouette-of-mountain-during-golden-hour-lJe_mApwSMo,2018-12-29T01:05:36Z,2025-02-25T12:34:32Z,,6000,4000,silhouette of mountain during golden hour,https://unsplash.com/photos/lJe_mApwSMo/download?ixid=M3w3MTQ1MTR8MHwxfHNlYXJjaHwxMjAxfHxzdW5zZXR8ZW58MHx8fHwxNzQwNDk0MDEyfDA
RxmE6F8Xv8I,silhouette-of-trees-under-orange-and-gray-sky-RxmE6F8Xv8I,2017-09-27T12:25:53Z,2025-02-25T12:23:05Z,,6000,4000,"I love the fall season and living in New York. The sunsets just have that extra ‚Äòoomph‚Äô, if you know what I mean. Although I‚Äôm not living in the super urban areas of Brooklyn or Manhattan where there are gorgeous buildings to feature as subjects during these amazing sunsets, I still find great captures out here in Queens! 
 
 I was at my desk on the first floor and noticed the sky getting very bright! I knew what time it was and grabbed my camera, the Sony A6000! I took the widest lens I have, the Sigma 19mm f2.8, and rushed to the attic‚Äôs window. The view as you see here was spectacular!",https://unsplash.com/photos/RxmE6F8Xv8I/download?ixid=M3w3MTQ1MTR8MHwxfHNlYXJjaHwxMjE3fHxzdW5zZXR8ZW58MHx8fHwxNzQwNDk0MDEyfDA
t2E25rtyp90,orange-and-blue-sky-t2E25rtyp90,2018-04-13T07:03:19Z,2025-02-25T12:28:11Z,,6000,4000,Route 50 Travel.Sunset at Austin.,https://unsplash.com/photos/t2E25rtyp90/download?ixid=M3w3MTQ1MTR8MHwxfHNlYXJjaHwxMjI3fHxzdW5zZXR8ZW58MHx8fHwxNzQwNDk0MDEyfDA
Qi8CvonsYnM,clouds-illuminated-with-sunlight-at-sunset-Qi8CvonsYnM,2018-08-14T18:25:55Z,2025-02-25T12:30:28Z,2018-08-15T15:07:31Z,6000,4000,clouds illuminated with sunlight at sunset,https://unsplash.com/photos/Qi8CvonsYnM/download?ixid=M3w3MTQ1MTR8MHwxfHNlYXJjaHwxMzA4fHxzdW5zZXR8ZW58MHx8fHwxNzQwNDk0MDEyfDA
lysG2QuNb2Q,sea-during-golden-hour-lysG2QuNb2Q,2018-11-28T22:31:57Z,2025-02-25T09:56:51Z,,6000,4000,sea during golden hour,https://unsplash.com/photos/lysG2QuNb2Q/download?ixid=M3w3MTQ1MTR8MHwxfHNlYXJjaHwxMzIxfHxzdW5zZXR8ZW58MHx8fHwxNzQwNDk0MDEyfDA
O35RPiX4370,silhouette-of-person-standing-on-bridge-in-front-of-body-of-water-O35RPiX4370,2019-06-19T13:29:35Z,2025-02-25T13:46:09Z,,6000,4000,silhouette of person standing on bridge in front of body of water,https://unsplash.com/photos/O35RPiX4370/download?ixid=M3w3MTQ1MTR8MHwxfHNlYXJjaHwxMzU0fHxzdW5zZXR8ZW58MHx8fHwxNzQwNDk0MDEyfDA
sxVWbsnpt8s,a-plane-flying-over-a-city-at-night-sxVWbsnpt8s,2019-11-05T20:02:39Z,2025-02-25T12:46:17Z,,6000,4000,4th of July,https://unsplash.com/photos/sxVWbsnpt8s/download?ixid=M3w3MTQ1MTR8MHwxfHNlYXJjaHwxMzYyfHxzdW5zZXR8ZW58MHx8fHwxNzQwNDk0MDEyfDA
XVUucY5j2ak,aerial-photography-of-cityscape-at-sunset-XVUucY5j2ak,2018-03-20T11:20:42Z,2025-02-25T12:27:45Z,2018-03-23T19:50:42Z,6000,4000,aerial photography of cityscape at sunset,https://unsplash.com/photos/XVUucY5j2ak/download?ixid=M3w3MTQ1MTR8MHwxfHNlYXJjaHwxMzc1fHxzdW5zZXR8ZW58MHx8fHwxNzQwNDk0MDEyfDA
y1DhTiiU4rs,beach-during-golden-hour-y1DhTiiU4rs,2018-04-08T23:33:13Z,2025-02-25T12:28:06Z,,6000,4000,"Lake Burley Griffin, Canberra at Sunset",https://unsplash.com/photos/y1DhTiiU4rs/download?ixid=M3w3MTQ1MTR8MHwxfHNlYXJjaHwxNDA0fHxzdW5zZXR8ZW58MHx8fHwxNzQwNDk0MDEyfDA
rNISh8YiZeo,silhouette-of-mountain-rNISh8YiZeo,2017-09-01T13:10:54Z,2025-02-25T12:22:13Z,2017-09-02T09:31:29Z,6000,4000,A Kong Island Sunset,https://unsplash.com/photos/rNISh8YiZeo/download?ixid=M3w3MTQ1MTR8MHwxfHNlYXJjaHwxNDIzfHxzdW5zZXR8ZW58MHx8fHwxNzQwNDk0MDEyfDA
Hsn2XEyAmeM,silhouette-of-flowers-during-sunset-Hsn2XEyAmeM,2020-06-21T07:13:24Z,2025-02-25T12:57:29Z,,6000,4000,Sunset at off the Apache Trail in the Tonto National Forest in Arizona,https://unsplash.com/photos/Hsn2XEyAmeM/download?ixid=M3w3MTQ1MTR8MHwxfHNlYXJjaHwxNDMwfHxzdW5zZXR8ZW58MHx8fHwxNzQwNDk0MDEyfDA
YNb5qCScY4Y,aerial-photography-of-body-of-water-near-mountain-range-YNb5qCScY4Y,2017-11-30T17:53:32Z,2025-02-25T12:25:08Z,,6000,4000,aerial photography of body of water near mountain range,https://unsplash.com/photos/YNb5qCScY4Y/download?ixid=M3w3MTQ1MTR8MHwxfHNlYXJjaHwxNDQ1fHxzdW5zZXR8ZW58MHx8fHwxNzQwNDk0MDEyfDA
L8P6PZ4jKyw,golden-hour-photography-of-three-people-on-beach-L8P6PZ4jKyw,2017-01-01T06:11:40Z,2025-02-25T12:19:04Z,2017-01-01T06:11:40Z,6000,4000,Sunsetting Beach,https://unsplash.com/photos/L8P6PZ4jKyw/download?ixid=M3w3MTQ1MTR8MHwxfHNlYXJjaHwxNDg0fHxzdW5zZXR8ZW58MHx8fHwxNzQwNDk0MDEyfDA
KkCto37WriU,silhouette-of-mountain-under-cloudy-sky-KkCto37WriU,2017-07-01T22:24:58Z,2025-02-25T09:47:46Z,,6000,4000,Mountain layer,https://unsplash.com/photos/KkCto37WriU/download?ixid=M3w3MTQ1MTl8MHwxfHNlYXJjaHwxNTEwfHxzdW5zZXR8ZW58MHx8fHwxNzQwNDk0MjczfDA
UErWoQEoMrc,photography-of-person-holding-glass-bottles-during-sunset-UErWoQEoMrc,2015-07-05T06:14:32Z,2025-02-25T09:43:42Z,2015-07-05T06:14:32Z,6000,4000,Two men cheers,https://unsplash.com/photos/UErWoQEoMrc/download?ixid=M3w3MTQ1MTl8MHwxfHNlYXJjaHwxNTQ4fHxzdW5zZXR8ZW58MHx8fHwxNzQwNDk0Mjc0fDA
NK7RtpqUpCk,houses-on-hill-during-golden-hour-NK7RtpqUpCk,2018-04-14T16:42:49Z,2025-02-25T12:28:13Z,2018-04-15T09:23:17Z,6000,4000,"A beautiful sunset in Santorini, Greece",https://unsplash.com/photos/NK7RtpqUpCk/download?ixid=M3w3MTQ1MTl8MHwxfHNlYXJjaHwxNjE3fHxzdW5zZXR8ZW58MHx8fHwxNzQwNDk0Mjc0fDA
uSaUiPr4Bfw,stones-on-body-of-water-uSaUiPr4Bfw,2018-01-31T03:42:05Z,2025-02-25T09:51:06Z,,6000,4000,Into the Horizon,https://unsplash.com/photos/uSaUiPr4Bfw/download?ixid=M3w3MTQ1MTl8MHwxfHNlYXJjaHwxNjIxfHxzdW5zZXR8ZW58MHx8fHwxNzQwNDk0Mjc0fDA
TIe8QLZo-6o,seashore-at-golden-hour-TIe8QLZo-6o,2018-02-12T02:26:55Z,2025-02-25T12:27:03Z,,6000,4000,seashore at golden hour,https://unsplash.com/photos/TIe8QLZo-6o/download?ixid=M3w3MTQ1MTl8MHwxfHNlYXJjaHwxNjQwfHxzdW5zZXR8ZW58MHx8fHwxNzQwNDk0Mjc0fDA
z7IW1w4C870,cloudy-sky-during-golden-hour-z7IW1w4C870,2019-03-13T15:16:26Z,2025-02-25T09:59:46Z,2019-03-14T13:47:31Z,6000,4000,cloudy sky during golden hour,https://unsplash.com/photos/z7IW1w4C870/download?ixid=M3w3MTQ1MTl8MHwxfHNlYXJjaHwxNjQ2fHxzdW5zZXR8ZW58MHx8fHwxNzQwNDk0Mjc0fDA
CxReWGCRSqU,silhouette-photography-of-buildings-CxReWGCRSqU,2017-09-23T21:30:06Z,2025-02-25T12:22:58Z,,6000,4000,silhouette photography of buildings,https://unsplash.com/photos/CxReWGCRSqU/download?ixid=M3w3MTQ1MTl8MHwxfHNlYXJjaHwxNjQ3fHxzdW5zZXR8ZW58MHx8fHwxNzQwNDk0Mjc0fDA
3PNVgAzzkgc,sunset-3PNVgAzzkgc,2019-07-22T09:00:22Z,2025-02-25T10:04:44Z,,6000,4000,sunset,https://unsplash.com/photos/3PNVgAzzkgc/download?ixid=M3w3MTQ1MTl8MHwxfHNlYXJjaHwxNjUyfHxzdW5zZXR8ZW58MHx8fHwxNzQwNDk0Mjc0fDA
FYr3sWuVdKU,silhouette-of-person-standing-near-body-of-water-during-daytime-FYr3sWuVdKU,2019-06-22T08:03:52Z,2025-02-25T10:03:32Z,,6000,4000,"Sunset in Biograd Na Moru - Dalmatia, Croatia",https://unsplash.com/photos/FYr3sWuVdKU/download?ixid=M3w3MTQ1MTl8MHwxfHNlYXJjaHwxNjYxfHxzdW5zZXR8ZW58MHx8fHwxNzQwNDk0Mjc0fDA
SVkeWYxJG3w,silhouette-of-tall-trees-during-golden-hour-SVkeWYxJG3w,2017-09-18T19:23:27Z,2025-02-25T09:48:54Z,2017-09-19T13:54:17Z,6000,4000,I didn‚Äôt get a nice shot of the sunset so i had to climb to the rooftop on my uncle‚Äôs cabin to get this pic.,https://unsplash.com/photos/SVkeWYxJG3w/download?ixid=M3w3MTQ1MTl8MHwxfHNlYXJjaHwxNzIzfHxzdW5zZXR8ZW58MHx8fHwxNzQwNDk0Mjc0fDA
OazYyZbAkHo,houses-during-sunset-OazYyZbAkHo,2017-11-28T01:51:03Z,2025-02-25T12:25:00Z,,6000,4000,Sky dawn,https://unsplash.com/photos/OazYyZbAkHo/download?ixid=M3w3MTQ1MTl8MHwxfHNlYXJjaHwxNzUzfHxzdW5zZXR8ZW58MHx8fHwxNzQwNDk0Mjc0fDA
fuLS0v6o7xg,golden-hour-photography-of-clouds-fuLS0v6o7xg,2017-11-13T22:37:17Z,2025-02-25T12:24:35Z,,6000,4000,golden hour photography of clouds,https://unsplash.com/photos/fuLS0v6o7xg/download?ixid=M3w3MTQ1MTl8MHwxfHNlYXJjaHwxNzg5fHxzdW5zZXR8ZW58MHx8fHwxNzQwNDk0Mjc0fDA
GFb2uIePPzs,a-dock-in-a-lake-at-sunset-with-palm-trees-in-the-background-GFb2uIePPzs,2017-07-14T15:14:59Z,2025-02-25T12:21:12Z,,6000,4000,"Captured sunset in Tradition, FL.",https://unsplash.com/photos/GFb2uIePPzs/download?ixid=M3w3MTQ1MTl8MHwxfHNlYXJjaHwxODQ1fHxzdW5zZXR8ZW58MHx8fHwxNzQwNDk0Mjc0fDA
WMAU_gkrwHY,silhouette-of-mountain-during-sunrise-WMAU_gkrwHY,2019-05-31T04:23:30Z,2025-02-25T12:39:24Z,,6000,4000,silhouette of mountain during sunrise,https://unsplash.com/photos/WMAU_gkrwHY/download?ixid=M3w3MTQ1MTl8MHwxfHNlYXJjaHwxODc4fHxzdW5zZXR8ZW58MHx8fHwxNzQwNDk0Mjc0fDA
i0N6F1X_A88,silhouette-photo-of-bridge-i0N6F1X_A88,2017-12-31T00:09:46Z,2025-02-25T09:50:28Z,2018-01-01T04:48:56Z,6000,4000,Winter sunset,https://unsplash.com/photos/i0N6F1X_A88/download?ixid=M3w3MTQ1MTl8MHwxfHNlYXJjaHwxOTA0fHxzdW5zZXR8ZW58MHx8fHwxNzQwNDk0Mjc0fDA
EOYv-kwuBEI,orange-setting-sun-over-city-by-the-sea-EOYv-kwuBEI,2019-02-26T06:55:41Z,2025-02-25T12:36:18Z,,6000,4000,orange setting sun over city by the sea,https://unsplash.com/photos/EOYv-kwuBEI/download?ixid=M3w3MTQ1MTl8MHwxfHNlYXJjaHwxOTQxfHxzdW5zZXR8ZW58MHx8fHwxNzQwNDk0Mjc0fDA
ixI0crQ-B8o,silhouette-of-island-during-sunset-ixI0crQ-B8o,2020-11-20T09:20:42Z,2025-02-25T10:33:29Z,,6000,4000,silhouette of island during sunset,https://unsplash.com/photos/ixI0crQ-B8o/download?ixid=M3w3MTQ1MTl8MHwxfHNlYXJjaHwxOTU4fHxzdW5zZXR8ZW58MHx8fHwxNzQwNDk0Mjc0fDA
pPw5x4Soi-k,the-sun-is-setting-over-a-body-of-water-pPw5x4Soi-k,2023-07-21T12:02:29Z,2025-02-25T11:35:54Z,,6000,4000,the sun is setting over a body of water,https://unsplash.com/photos/pPw5x4Soi-k/download?ixid=M3w3MTQ1MTl8MHwxfHNlYXJjaHwxOTY4fHxzdW5zZXR8ZW58MHx8fHwxNzQwNDk0Mjc0fDA
MscVePkuMS4,silhouette-of-mountain-during-sunset-MscVePkuMS4,2019-01-17T00:34:24Z,2025-02-25T12:35:04Z,,6000,4000,silhouette of mountain during sunset,https://unsplash.com/photos/MscVePkuMS4/download?ixid=M3w3MTQ1MTl8MHwxfHNlYXJjaHwxOTk1fHxzdW5zZXR8ZW58MHx8fHwxNzQwNDk0Mjc0fDA
S5ZMKLT3-hc,silhouette-of-mountain-under-purple-sky-S5ZMKLT3-hc,2018-01-23T14:28:29Z,2025-02-25T12:26:38Z,2018-01-24T15:08:54Z,6000,4000,silhouette of mountain under purple sky,https://unsplash.com/photos/S5ZMKLT3-hc/download?ixid=M3w3MTQ1MTl8MHwxfHNlYXJjaHwyMTM1fHxzdW5zZXR8ZW58MHx8fHwxNzQwNDk0Mjc0fDA
6GXOU4b05jI,the-sun-is-setting-over-the-trees-in-the-distance-6GXOU4b05jI,2023-08-08T11:32:02Z,2025-02-25T14:15:41Z,,6000,4000,The sun is setting over the trees.,https://unsplash.com/photos/6GXOU4b05jI/download?ixid=M3w3MTQ1MTl8MHwxfHNlYXJjaHwyMTM2fHxzdW5zZXR8ZW58MHx8fHwxNzQwNDk0Mjc0fDA
qguwm76x7vI,bed-of-clouds-qguwm76x7vI,2017-09-17T14:11:57Z,2025-02-25T09:48:52Z,2017-09-18T12:19:50Z,6000,4000,bed of clouds,https://unsplash.com/photos/qguwm76x7vI/download?ixid=M3w3MTQ1MTl8MHwxfHNlYXJjaHwyMTUwfHxzdW5zZXR8ZW58MHx8fHwxNzQwNDk0Mjc0fDA
Za8IvfUy9Do,silhouette-photography-of-mountains-underneath-golden-hour-Za8IvfUy9Do,2017-07-28T05:11:41Z,2025-02-25T09:48:07Z,,6000,4000,Sunset (in Yellow),https://unsplash.com/photos/Za8IvfUy9Do/download?ixid=M3w3MTQ1MTl8MHwxfHNlYXJjaHwyMTY0fHxzdW5zZXR8ZW58MHx8fHwxNzQwNDk0Mjc0fDA
ZlwZ1rGdDqQ,silhouette-photo-of-person-walking-near-body-of-water-during-sunset-ZlwZ1rGdDqQ,2018-01-27T23:24:14Z,2025-02-25T09:51:00Z,,6000,4000,Sunet in sicilia,https://unsplash.com/photos/ZlwZ1rGdDqQ/download?ixid=M3w3MTQ1MTl8MHwxfHNlYXJjaHwyMTk3fHxzdW5zZXR8ZW58MHx8fHwxNzQwNDk0Mjc0fDA
VuicYeBRHsY,aerial-photo-of-calm-water-near-islands-VuicYeBRHsY,2016-09-21T03:23:05Z,2025-02-25T12:18:30Z,2016-09-21T03:23:05Z,6000,4000,Orange Atlantic City waters,https://unsplash.com/photos/VuicYeBRHsY/download?ixid=M3w3MTQ1MTl8MHwxfHNlYXJjaHwyMjM1fHxzdW5zZXR8ZW58MHx8fHwxNzQwNDk0Mjc0fDA
nr_04XhKGZc,person-standing-on-sea-shore-during-golden-hour-nr_04XhKGZc,2017-01-23T02:20:22Z,2025-02-25T12:19:14Z,2017-01-23T02:20:22Z,6000,4000,Sunset surf,https://unsplash.com/photos/nr_04XhKGZc/download?ixid=M3w3MTQ1MTl8MHwxfHNlYXJjaHwyMjU0fHxzdW5zZXR8ZW58MHx8fHwxNzQwNDk0Mjc0fDA
4OsJnt_qnlo,orange-sunset-4OsJnt_qnlo,2018-11-29T17:01:23Z,2025-02-25T12:33:40Z,2018-11-30T05:56:34Z,6000,4000,orange sunset,https://unsplash.com/photos/4OsJnt_qnlo/download?ixid=M3w3MTQ1MTl8MHwxfHNlYXJjaHwyMjk4fHxzdW5zZXR8ZW58MHx8fHwxNzQwNDk0Mjc0fDA
roLQ_k2HEcs,silhouette-photo-of-grass-field-roLQ_k2HEcs,2019-06-05T13:14:29Z,2025-02-25T12:39:38Z,,6000,4000,silhouette photo of grass field,https://unsplash.com/photos/roLQ_k2HEcs/download?ixid=M3w3MTQ1MTl8MHwxfHNlYXJjaHwyMzA5fHxzdW5zZXR8ZW58MHx8fHwxNzQwNDk0Mjc0fDA
8wpfZ5eWb-Y,the-sun-is-setting-over-a-field-with-puddles-of-water-8wpfZ5eWb-Y,2022-02-05T16:00:39Z,2025-02-25T13:36:03Z,,6000,4000,Witches cauldron,https://unsplash.com/photos/8wpfZ5eWb-Y/download?ixid=M3w3MTQ1MTl8MHwxfHNlYXJjaHwyMzEzfHxzdW5zZXR8ZW58MHx8fHwxNzQwNDk0Mjc0fDA
oHYE2EfNtws,calm-body-of-water-oHYE2EfNtws,2019-09-02T14:54:27Z,2025-02-25T10:06:31Z,,6000,4000,the sunset,https://unsplash.com/photos/oHYE2EfNtws/download?ixid=M3w3MTQ1MTl8MHwxfHNlYXJjaHwyMzIxfHxzdW5zZXR8ZW58MHx8fHwxNzQwNDk0Mjc0fDA
1ts6KK2lTwQ,silhouette-of-mountain-during-golden-hour-1ts6KK2lTwQ,2018-05-14T08:09:09Z,2025-02-25T09:52:53Z,,6000,4000,"We decided to ride back from the Erawan national park, a bit away from Kanchanaburi city and we know we will miss golden hour as the ride takes almost 2 hours to reach. In the middle, we saw the golden hour in our scooter‚Äôs rear mirror. We know for sure that we can‚Äôt miss this, so we took the next detour towards the right which basically went into a small farm and a dead end road. We saw the golden sun settling down behind the Thai mountains. 
 
 One of the best sunsets I‚Äôve seen in a very long time.",https://unsplash.com/photos/1ts6KK2lTwQ/download?ixid=M3w3MTQ1MTl8MHwxfHNlYXJjaHwyMzY5fHxzdW5zZXR8ZW58MHx8fHwxNzQwNDk0Mjc0fDA
pMFNnnODrKA,silhouette-photo-of-man-holding-drone-remote-pMFNnnODrKA,2018-01-12T22:59:49Z,2025-02-25T09:50:41Z,,6000,4000,Sunset flights,https://unsplash.com/photos/pMFNnnODrKA/download?ixid=M3w3MTQ1MTl8MHwxfHNlYXJjaHwyNDA4fHxzdW5zZXR8ZW58MHx8fHwxNzQwNDk0Mjc0fDA
TrlisfodSrg,the-sun-is-setting-over-the-horizon-of-the-ocean-TrlisfodSrg,2023-07-13T18:38:02Z,2025-02-25T14:13:15Z,,6000,4000,A sunset in Lima Peru on a partly cloudy evening in December.,https://unsplash.com/photos/TrlisfodSrg/download?ixid=M3w3MTQ1MTl8MHwxfHNlYXJjaHwyNDcxfHxzdW5zZXR8ZW58MHx8fHwxNzQwNDk0Mjc0fDA
FlvXVzB87gM,silhouette-of-trees-during-sunset-FlvXVzB87gM,2021-07-08T17:21:14Z,2025-02-25T13:20:29Z,,6000,4000,Sunset,https://unsplash.com/photos/FlvXVzB87gM/download?ixid=M3w3MTQ1MTl8MHwxfHNlYXJjaHwyNDgwfHxzdW5zZXR8ZW58MHx8fHwxNzQwNDk0Mjc0fDA
k9Z0kkY7Wnc,aerial-photograph-of-forest-during-sunset-k9Z0kkY7Wnc,2016-10-09T02:55:45Z,2025-02-25T12:18:36Z,,6000,4000,aerial photograph of forest during sunset,https://unsplash.com/photos/k9Z0kkY7Wnc/download?ixid=M3w3MTQ1MTl8MHwxfHNlYXJjaHwyNDgyfHxzdW5zZXR8ZW58MHx8fHwxNzQwNDk0Mjc0fDA
bM4skATzBuU,a-sunset-over-a-hill-bM4skATzBuU,2022-07-23T17:51:42Z,2025-02-25T13:47:15Z,,6000,4000,Sunset on a farm in the middle of nowhere with clouds in the sky,https://unsplash.com/photos/bM4skATzBuU/download?ixid=M3w3MTQ1MTl8MHwxfHNlYXJjaHwyNDk3fHxzdW5zZXR8ZW58MHx8fHwxNzQwNDk0Mjc0fDA
WD0eKzLm9PE,a-red-and-orange-sunset-over-a-city-WD0eKzLm9PE,2023-05-08T18:57:17Z,2025-02-25T14:06:39Z,,6000,4000,a red and orange sunset over a city,https://unsplash.com/photos/WD0eKzLm9PE/download?ixid=M3w3MTQ1MTl8MHwxfHNlYXJjaHwyNTQ4fHxzdW5zZXR8ZW58MHx8fHwxNzQwNDk0Mjc0fDA
Wd_mw123yaA,valley-during-sunset-Wd_mw123yaA,2017-10-05T23:32:51Z,2025-02-25T12:23:20Z,2017-10-06T09:05:17Z,6000,4000,Carpathian Mountains from the Plane,https://unsplash.com/photos/Wd_mw123yaA/download?ixid=M3w3MTQ1MTl8MHwxfHNlYXJjaHwyNzA3fHxzdW5zZXR8ZW58MHx8fHwxNzQwNDk0Mjc0fDA
S5zGzrk0aEQ,silhouette-over-horizon-S5zGzrk0aEQ,2017-12-01T19:37:36Z,2025-02-25T09:50:04Z,,6000,4000,"Taken at 1am in the morning in total darkness, distant lights reflected off the clouds to create this wonderful effect",https://unsplash.com/photos/S5zGzrk0aEQ/download?ixid=M3w3MTQ1MTl8MHwxfHNlYXJjaHwyNzE2fHxzdW5zZXR8ZW58MHx8fHwxNzQwNDk0Mjc0fDA
OmvSN1Y0Tps,silhouette-of-buildings-under-golden-hour-OmvSN1Y0Tps,2017-02-12T08:50:14Z,2025-02-25T12:19:24Z,2017-02-12T08:50:14Z,6000,4000,From my home,https://unsplash.com/photos/OmvSN1Y0Tps/download?ixid=M3w3MTQ1MTl8MHwxfHNlYXJjaHwyNzkzfHxzdW5zZXR8ZW58MHx8fHwxNzQwNDk0Mjc0fDA
aqX_38yeiN0,silhouette-of-barn-during-sunset-aqX_38yeiN0,2017-11-12T22:56:21Z,2025-02-25T12:24:33Z,2017-11-13T13:55:11Z,6000,4000,silhouette of barn during sunset,https://unsplash.com/photos/aqX_38yeiN0/download?ixid=M3w3MTQ1MTl8MHwxfHNlYXJjaHwyODMyfHxzdW5zZXR8ZW58MHx8fHwxNzQwNDk0Mjc0fDA
9HOPU4ZRJi0,sea-horizon-during-daytime-9HOPU4ZRJi0,2017-01-23T18:21:33Z,2025-02-25T12:19:14Z,2017-01-23T18:21:33Z,6000,4000,Leigh-on-Sea beach sunset,https://unsplash.com/photos/9HOPU4ZRJi0/download?ixid=M3w3MTQ1MTl8MHwxfHNlYXJjaHwyODM3fHxzdW5zZXR8ZW58MHx8fHwxNzQwNDk0Mjc0fDA
Ajx7k476oW4,crepuscular-rays-shining-over-mountain-ranges-Ajx7k476oW4,2017-12-04T19:42:03Z,2025-02-25T09:50:07Z,2017-12-05T11:55:52Z,6000,4000,crepuscular rays shining over mountain ranges,https://unsplash.com/photos/Ajx7k476oW4/download?ixid=M3w3MTQ1MTl8MHwxfHNlYXJjaHwyODQzfHxzdW5zZXR8ZW58MHx8fHwxNzQwNDk0Mjc0fDA
hjeXrsf4tG0,calm-water-near-trees-during-golden-hour-hjeXrsf4tG0,2018-11-24T16:59:07Z,2025-02-25T12:33:29Z,,6000,4000,Sunset in the top of mountain,https://unsplash.com/photos/hjeXrsf4tG0/download?ixid=M3w3MTQ1MTl8MHwxfHNlYXJjaHwyODQ3fHxzdW5zZXR8ZW58MHx8fHwxNzQwNDk0Mjc0fDA
cvpdLGyGNiI,silhouette-of-clouds-during-golden-hour-cvpdLGyGNiI,2017-11-02T22:39:11Z,2025-02-25T12:24:19Z,2017-11-03T15:22:09Z,6000,4000,silhouette of clouds during golden hour,https://unsplash.com/photos/cvpdLGyGNiI/download?ixid=M3w3MTQ1MTl8MHwxfHNlYXJjaHwyODU2fHxzdW5zZXR8ZW58MHx8fHwxNzQwNDk0Mjc0fDA
DsJaK87G-vo,silhouette-of-cityscape-DsJaK87G-vo,2018-01-29T21:17:19Z,2025-02-25T12:26:45Z,,6000,4000,"Walked up to cerro de la cruz to have a nice view of the whole city of Antigua at sunset. The view was excellent, the sky was clear and the volcanoes were visible.",https://unsplash.com/photos/DsJaK87G-vo/download?ixid=M3w3MTQ1MTl8MHwxfHNlYXJjaHwyODg2fHxzdW5zZXR8ZW58MHx8fHwxNzQwNDk0Mjc0fDA
vl_BMB0HejI,photo-of-body-of-water-during-golden-time-vl_BMB0HejI,2017-09-11T20:58:46Z,2025-02-25T09:48:45Z,2017-09-12T11:43:04Z,6000,4000,Watching the sunset,https://unsplash.com/photos/vl_BMB0HejI/download?ixid=M3w3MTQ1MTl8MHwxfHNlYXJjaHwyOTEzfHxzdW5zZXR8ZW58MHx8fHwxNzQwNDk0Mjc0fDA
Pi9CYPU6pLQ,silhouette-photography-of-two-persons-on-body-of-water-Pi9CYPU6pLQ,2017-11-19T13:09:55Z,2025-02-25T12:24:45Z,,6000,4000,Fun in the sun,https://unsplash.com/photos/Pi9CYPU6pLQ/download?ixid=M3w3MTQ1MTl8MHwxfHNlYXJjaHwyOTE2fHxzdW5zZXR8ZW58MHx8fHwxNzQwNDk0Mjc0fDA
mUwe7LpjikE,desert-during-golden-hour-mUwe7LpjikE,2018-01-13T06:28:51Z,2025-02-25T09:50:42Z,,6000,4000,"During a roadtrip along the Australian est coast we stoped at Port Stephens. We stumble upon the longest moving sand dunes in the southern hemisphere. The sunset was breathtaking, the light constantly changes the color or the sky, we felt like we were in the moon.",https://unsplash.com/photos/mUwe7LpjikE/download?ixid=M3w3MTQ1MTl8MHwxfHNlYXJjaHwyOTM0fHxzdW5zZXR8ZW58MHx8fHwxNzQwNDk0Mjc0fDA
mPp6cn3xGcE,silhouette-photo-of-sunset-mPp6cn3xGcE,2018-01-22T03:13:29Z,2025-02-25T09:50:53Z,,6000,4000,In November the Hudson Strait freezes again and polar bears begin to go back on ice . If you are lucky you will see some but regardless you will never miss spectacular sunsets even though the days are shorter.,https://unsplash.com/photos/mPp6cn3xGcE/download?ixid=M3w3MTQ1MTl8MHwxfHNlYXJjaHwyOTM5fHxzdW5zZXR8ZW58MHx8fHwxNzQwNDk0Mjc0fDA
7xuwoyXbpRU,two-boat-in-body-of-water-over-the-horizon-7xuwoyXbpRU,2018-03-02T09:29:34Z,2025-02-25T09:51:40Z,,6000,4000,"I lived for a a number of yearsn the northern part of Palawan in the Philippines, every evening sky look like a movie set.",https://unsplash.com/photos/7xuwoyXbpRU/download?ixid=M3w3MTQ1MTl8MHwxfHNlYXJjaHwyOTQzfHxzdW5zZXR8ZW58MHx8fHwxNzQwNDk0Mjc0fDA
BkNOxv0ZPT0,silhouette-of-mountain-under-sunset-BkNOxv0ZPT0,2017-11-13T02:38:30Z,2025-02-25T12:24:34Z,,6000,4000,Majestic Mountain,https://unsplash.com/photos/BkNOxv0ZPT0/download?ixid=M3w3MTQ1MTl8MHwxfHNlYXJjaHwyOTQ1fHxzdW5zZXR8ZW58MHx8fHwxNzQwNDk0Mjc0fDA
-VIIUPt7h9E,silhouette-of-people-walking-on-bridge--VIIUPt7h9E,2015-05-05T11:59:12Z,2025-02-25T12:16:43Z,2015-05-05T11:59:12Z,6000,4000,silhouette of people walking on bridge,https://unsplash.com/photos/-VIIUPt7h9E/download?ixid=M3w3MTQ1MTl8MHwxfHNlYXJjaHwyOTc4fHxzdW5zZXR8ZW58MHx8fHwxNzQwNDk0Mjc0fDA
62ht246G-jc,sunset-scenery-62ht246G-jc,2017-10-27T17:41:01Z,2025-02-25T15:12:31Z,2017-10-28T13:20:30Z,6000,4000,Sunset over the North Sea,https://unsplash.com/photos/62ht246G-jc/download?ixid=M3w3MTQ1MTR8MHwxfHNlYXJjaHwzMDIwfHxzdW5zZXR8ZW58MHx8fHwxNzQwNTAxOTE3fDA
7eQy98L6UlQ,silhouette-photo-of-mountain-7eQy98L6UlQ,2015-04-17T18:02:59Z,2025-02-25T12:16:40Z,2015-04-17T18:02:59Z,6000,4000,Dark sky trees sunset.,https://unsplash.com/photos/7eQy98L6UlQ/download?ixid=M3w3MTQ1MTR8MHwxfHNlYXJjaHwzMDI2fHxzdW5zZXR8ZW58MHx8fHwxNzQwNTAxOTE3fDA
LSnCcytuGDg,landscape-photo-of-mountain-at-golden-hour-LSnCcytuGDg,2017-08-10T20:29:14Z,2025-02-25T15:11:17Z,,6000,4000,Sunrise over the Popocatepetl Volcano in Mexico,https://unsplash.com/photos/LSnCcytuGDg/download?ixid=M3w3MTQ1MTR8MHwxfHNlYXJjaHwzMDM1fHxzdW5zZXR8ZW58MHx8fHwxNzQwNTAxOTE3fDA
eYOzdNjFfww,calmly-body-of-water-over-mountain-under-blue-sky-at-sunset-eYOzdNjFfww,2018-05-16T12:52:40Z,2025-02-25T12:28:47Z,,6000,4000,boat trip at lofoten norway,https://unsplash.com/photos/eYOzdNjFfww/download?ixid=M3w3MTQ1MTR8MHwxfHNlYXJjaHwzMDg2fHxzdW5zZXR8ZW58MHx8fHwxNzQwNTAxOTE3fDA
txn9tEymfHo,silhouette-of-person-walk-through-beside-ocean-under-blue-and-cloudy-sky-during-sunset-txn9tEymfHo,2017-01-18T17:22:16Z,2025-02-25T15:09:14Z,2017-01-18T17:22:16Z,6000,4000,That‚Äôs gone by,https://unsplash.com/photos/txn9tEymfHo/download?ixid=M3w3MTQ1MTR8MHwxfHNlYXJjaHwzMTA5fHxzdW5zZXR8ZW58MHx8fHwxNzQwNTAxOTE3fDA
TgVAjSAUszE,photography-of-seashore-during-daytime-TgVAjSAUszE,2017-11-04T07:51:49Z,2025-02-25T15:12:38Z,2017-11-05T16:53:22Z,6000,4000,Koh Rong Sunset,https://unsplash.com/photos/TgVAjSAUszE/download?ixid=M3w3MTQ1MTR8MHwxfHNlYXJjaHwzMTEzfHxzdW5zZXR8ZW58MHx8fHwxNzQwNTAxOTE3fDA
Ty2wAQlIGWM,pine-tree-silhouette-during-golden-hour-Ty2wAQlIGWM,2018-03-04T20:19:29Z,2025-02-25T12:27:28Z,2018-03-05T12:02:29Z,6000,4000,Getting a Clear View For The Sunset Is Not Easy,https://unsplash.com/photos/Ty2wAQlIGWM/download?ixid=M3w3MTQ1MTR8MHwxfHNlYXJjaHwzMTE5fHxzdW5zZXR8ZW58MHx8fHwxNzQwNTAxOTE3fDA
MqzzzlUPVoo,body-of-water-during-golden-hour-MqzzzlUPVoo,2017-09-06T00:06:04Z,2025-02-25T12:22:24Z,,6000,4000,It was a foggy and misty morning.,https://unsplash.com/photos/MqzzzlUPVoo/download?ixid=M3w3MTQ1MTR8MHwxfHNlYXJjaHwzMTIwfHxzdW5zZXR8ZW58MHx8fHwxNzQwNTAxOTE3fDA
5mklOExB7pM,body-of-water-during-golden-hour-5mklOExB7pM,2017-10-12T10:43:06Z,2025-02-25T12:23:31Z,,6000,4000,We were driving with our scooters far away from Denpasar & Kuta to experience the untouched Bali and found miles of beach with no hotels at all. We found real peace there.,https://unsplash.com/photos/5mklOExB7pM/download?ixid=M3w3MTQ1MTR8MHwxfHNlYXJjaHwzMTQ0fHxzdW5zZXR8ZW58MHx8fHwxNzQwNTAxOTE3fDA
i3V1-5fG0HE,brown-monolith-on-body-of-water-i3V1-5fG0HE,2017-07-06T09:33:39Z,2025-02-25T12:21:05Z,2017-07-06T11:48:35Z,6000,4000,Vitamin SEA,https://unsplash.com/photos/i3V1-5fG0HE/download?ixid=M3w3MTQ1MTR8MHwxfHNlYXJjaHwzMTU5fHxzdW5zZXR8ZW58MHx8fHwxNzQwNTAxOTE3fDA
9yfq4qM0EFI,silhouette-of-man-standing-on-seashore-9yfq4qM0EFI,2017-07-15T07:44:11Z,2025-02-25T12:21:15Z,,6000,4000,Sunset in Digyo Island,https://unsplash.com/photos/9yfq4qM0EFI/download?ixid=M3w3MTQ1MTR8MHwxfHNlYXJjaHwzMTk0fHxzdW5zZXR8ZW58MHx8fHwxNzQwNTAxOTE3fDA
3KKhzCpX9fw,the-sun-is-setting-over-a-body-of-water-3KKhzCpX9fw,2024-02-26T13:08:11Z,2025-02-25T11:49:53Z,,6000,4000,"tramonto sulle Saline dello Stagnone, Marsala, Sicilia",https://unsplash.com/photos/3KKhzCpX9fw/download?ixid=M3w3MTQ1MTR8MHwxfHNlYXJjaHwzMjA4fHxzdW5zZXR8ZW58MHx8fHwxNzQwNTAxOTE3fDA
LCegjYPlmX8,the-sun-is-setting-over-the-desert-with-a-cactus-in-the-foreground-LCegjYPlmX8,2024-09-23T06:23:52Z,2025-02-25T14:54:08Z,,6000,4000,The sun is setting over the desert with a cactus in the foreground,https://unsplash.com/photos/LCegjYPlmX8/download?ixid=M3w3MTQ1MTR8MHwxfHNlYXJjaHwzMjEzfHxzdW5zZXR8ZW58MHx8fHwxNzQwNTAxOTE3fDA
GG-ITlvFQPA,the-sun-is-setting-over-a-body-of-water-GG-ITlvFQPA,2025-02-19T05:22:35Z,2025-02-25T12:14:09Z,,6000,4000,The sun is setting over a body of water,https://unsplash.com/photos/GG-ITlvFQPA/download?ixid=M3w3MTQ1MTR8MHwxfHNlYXJjaHwzMjQ0fHxzdW5zZXR8ZW58MHx8fHwxNzQwNTAxOTE3fDA
RUyaXdRz95s,a-sunset-with-palm-trees-in-the-foreground-RUyaXdRz95s,2023-08-10T18:19:59Z,2025-02-25T11:37:12Z,,6000,4000,Sunset and Palm Trees,https://unsplash.com/photos/RUyaXdRz95s/download?ixid=M3w3MTQ1MTR8MHwxfHNlYXJjaHwzMjkxfHxzdW5zZXR8ZW58MHx8fHwxNzQwNTAxOTE3fDA
-_ML8BAHN8M,silhouette-of-mountain-during-daytime--_ML8BAHN8M,2017-03-29T17:08:56Z,2025-02-25T12:19:43Z,2017-03-30T07:06:39Z,6000,4000,Greece country sunset,https://unsplash.com/photos/-_ML8BAHN8M/download?ixid=M3w3MTQ1MTR8MHwxfHNlYXJjaHwzMzM1fHxzdW5zZXR8ZW58MHx8fHwxNzQwNTAxOTE3fDA
o7gYAM-juyo,smoke-trail-on-sky-over-tall-trees-o7gYAM-juyo,2016-10-05T17:05:19Z,2025-02-25T15:08:35Z,2016-10-05T17:05:19Z,6000,4000,forest sunrise,https://unsplash.com/photos/o7gYAM-juyo/download?ixid=M3w3MTQ1MTR8MHwxfHNlYXJjaHwzNDI5fHxzdW5zZXR8ZW58MHx8fHwxNzQwNTAxOTE3fDA
lmXnpT55QJc,a-sunset-with-clouds-and-buildings-in-the-background-lmXnpT55QJc,2024-10-17T21:34:50Z,2025-02-25T14:55:49Z,,6000,4000,A sunset with clouds and buildings in the background,https://unsplash.com/photos/lmXnpT55QJc/download?ixid=M3w3MTQ1MTR8MHwxfHNlYXJjaHwzNDg2fHxzdW5zZXR8ZW58MHx8fHwxNzQwNTAxOTE3fDA
NpqN9RXaEgA,the-sun-is-setting-over-a-body-of-water-NpqN9RXaEgA,2024-10-31T01:12:18Z,2025-02-25T14:56:49Z,,6000,4000,"A stunning sunset over a quiet lake, with vibrant orange and golden hues painting the sky and silhouetting the trees.",https://unsplash.com/photos/NpqN9RXaEgA/download?ixid=M3w3MTQ1MTR8MHwxfHNlYXJjaHwzNDkxfHxzdW5zZXR8ZW58MHx8fHwxNzQwNTAxOTE3fDA
6Kgtx229Z9s,the-sun-is-setting-over-the-water-and-the-beach-6Kgtx229Z9s,2023-04-03T18:58:34Z,2025-02-25T14:03:46Z,,6000,4000,the sun is setting over the water and the beach,https://unsplash.com/photos/6Kgtx229Z9s/download?ixid=M3w3MTQ1MTR8MHwxfHNlYXJjaHwzNTM4fHxzdW5zZXR8ZW58MHx8fHwxNzQwNTAxOTE3fDA
Cj7nMbhvtfw,the-sun-is-setting-over-a-body-of-water-Cj7nMbhvtfw,2023-10-01T00:59:12Z,2025-02-25T14:21:10Z,,6000,4000,the sun is setting over a body of water,https://unsplash.com/photos/Cj7nMbhvtfw/download?ixid=M3w3MTQ1MTR8MHwxfHNlYXJjaHwzNTY4fHxzdW5zZXR8ZW58MHx8fHwxNzQwNTAxOTE4fDA
ZctXw50470w,the-sun-is-setting-over-the-ocean-with-palm-trees-ZctXw50470w,2024-07-23T09:48:53Z,2025-02-25T11:59:47Z,,6000,4000,Sunset over the ocean with palm trees in the foreground,https://unsplash.com/photos/ZctXw50470w/download?ixid=M3w3MTQ1MTR8MHwxfHNlYXJjaHwzNjE0fHxzdW5zZXR8ZW58MHx8fHwxNzQwNTAxOTE3fDA
g03kxeuLFH4,a-couple-of-palm-trees-sitting-next-to-the-ocean-g03kxeuLFH4,2023-10-22T17:39:01Z,2025-02-25T11:41:55Z,,6000,4000,a couple of palm trees sitting next to the ocean,https://unsplash.com/photos/g03kxeuLFH4/download?ixid=M3w3MTQ1MTR8MHwxfHNlYXJjaHwzNjQ2fHxzdW5zZXR8ZW58MHx8fHwxNzQwNTAxOTE3fDA
x4pUn0JIiwI,the-sun-is-setting-behind-some-trees-x4pUn0JIiwI,2023-12-13T16:23:53Z,2025-02-25T14:29:51Z,,6000,4000,the sun is setting behind some trees,https://unsplash.com/photos/x4pUn0JIiwI/download?ixid=M3w3MTQ1MTR8MHwxfHNlYXJjaHwzNjU5fHxzdW5zZXR8ZW58MHx8fHwxNzQwNTAxOTE3fDA
RM6V5ey1sLk,a-bird-is-perched-on-a-tree-branch-at-sunset-RM6V5ey1sLk,2024-10-22T01:17:21Z,2025-02-25T12:06:33Z,,6000,4000,A bird is perched on a tree branch at sunset,https://unsplash.com/photos/RM6V5ey1sLk/download?ixid=M3w3MTQ1MTR8MHwxfHNlYXJjaHwzNjczfHxzdW5zZXR8ZW58MHx8fHwxNzQwNTAxOTE3fDA
ROYwGqAyCKc,a-building-is-silhouetted-against-a-cloudy-sky-ROYwGqAyCKc,2024-07-01T21:45:17Z,2025-02-25T14:47:59Z,,6000,4000,A building is silhouetted against a cloudy sky,https://unsplash.com/photos/ROYwGqAyCKc/download?ixid=M3w3MTQ1MTR8MHwxfHNlYXJjaHwzNjc1fHxzdW5zZXR8ZW58MHx8fHwxNzQwNTAxOTE3fDA
PHLAiSqRuZ8,a-view-of-a-city-at-sunset-from-a-hill-PHLAiSqRuZ8,2024-10-10T22:58:40Z,2025-02-25T12:05:39Z,,6000,4000,A view of a city at sunset from a hill,https://unsplash.com/photos/PHLAiSqRuZ8/download?ixid=M3w3MTQ1MTR8MHwxfHNlYXJjaHwzNjkyfHxzdW5zZXR8ZW58MHx8fHwxNzQwNTAxOTE4fDA
MEjLmCUYggQ,the-sun-is-setting-over-a-mountain-range-MEjLmCUYggQ,2023-11-06T21:50:48Z,2025-02-25T14:25:48Z,,6000,4000,Summer 2018,https://unsplash.com/photos/MEjLmCUYggQ/download?ixid=M3w3MTQ1MTR8MHwxfHNlYXJjaHwzNzI0fHxzdW5zZXR8ZW58MHx8fHwxNzQwNTAxOTE3fDA
-pJuNiPPQ2s,a-sunset-on-a-beach-with-palm-trees--pJuNiPPQ2s,2023-02-26T06:13:42Z,2025-02-25T11:27:21Z,,6000,4000,a sunset on a beach with palm trees,https://unsplash.com/photos/-pJuNiPPQ2s/download?ixid=M3w3MTQ1MTR8MHwxfHNlYXJjaHwzNzMyfHxzdW5zZXR8ZW58MHx8fHwxNzQwNTAxOTE3fDA
Lh7ueXnO1j8,the-sun-is-setting-over-a-body-of-water-Lh7ueXnO1j8,2023-06-17T22:15:03Z,2025-02-25T11:34:13Z,,6000,4000,the sun is setting over a body of water,https://unsplash.com/photos/Lh7ueXnO1j8/download?ixid=M3w3MTQ1MTR8MHwxfHNlYXJjaHwzNzQ4fHxzdW5zZXR8ZW58MHx8fHwxNzQwNTAxOTE3fDA
fVWW29Kkx5M,the-sun-is-setting-over-a-hill-with-trees-fVWW29Kkx5M,2023-09-07T09:07:47Z,2025-02-25T14:18:41Z,,6000,4000,the sun is setting over a hill with trees,https://unsplash.com/photos/fVWW29Kkx5M/download?ixid=M3w3MTQ1MTR8MHwxfHNlYXJjaHwzNzczfHxzdW5zZXR8ZW58MHx8fHwxNzQwNTAxOTE3fDA
EIHWMlh5xw8,the-sun-is-setting-over-a-mountain-range-EIHWMlh5xw8,2023-11-24T02:35:28Z,2025-02-25T14:27:34Z,,6000,4000,the sun is setting over a mountain range,https://unsplash.com/photos/EIHWMlh5xw8/download?ixid=M3w3MTQ1MTR8MHwxfHNlYXJjaHwzNzgzfHxzdW5zZXR8ZW58MHx8fHwxNzQwNTAxOTE3fDA
pGba3DnZCpI,the-sun-is-setting-over-a-body-of-water-pGba3DnZCpI,2024-07-06T19:08:52Z,2025-02-25T11:58:43Z,,6000,4000,The sun is setting over a body of water,https://unsplash.com/photos/pGba3DnZCpI/download?ixid=M3w3MTQ1MTR8MHwxfHNlYXJjaHwzODEwfHxzdW5zZXR8ZW58MHx8fHwxNzQwNTAxOTE3fDA
r0zVVqSBJno,the-sun-is-setting-over-a-body-of-water-r0zVVqSBJno,2023-01-09T20:53:01Z,2025-02-25T11:24:04Z,,6000,4000,the sun is setting over a body of water,https://unsplash.com/photos/r0zVVqSBJno/download?ixid=M3w3MTQ1MTR8MHwxfHNlYXJjaHwzODE0fHxzdW5zZXR8ZW58MHx8fHwxNzQwNTAxOTE3fDA
vwXoeR1KSUw,the-sun-is-setting-over-a-mountain-range-vwXoeR1KSUw,2023-08-09T04:01:24Z,2025-02-25T16:40:44Z,,6000,4000,the sun is setting over a mountain range,https://unsplash.com/photos/vwXoeR1KSUw/download?ixid=M3w3MTQ1MTR8MHwxfHNlYXJjaHwzODI3fHxzdW5zZXR8ZW58MHx8fHwxNzQwNTAxOTE3fDA
QqjylUniGiM,the-sun-is-setting-over-a-city-skyline-QqjylUniGiM,2024-09-16T19:59:32Z,2025-02-25T12:03:58Z,,6000,4000,Japan Sunset,https://unsplash.com/photos/QqjylUniGiM/download?ixid=M3w3MTQ1MTR8MHwxfHNlYXJjaHwzODQxfHxzdW5zZXR8ZW58MHx8fHwxNzQwNTAxOTE3fDA
qUiI_QXsPHk,the-sun-is-setting-behind-a-tree-on-a-hill-qUiI_QXsPHk,2023-12-14T07:39:16Z,2025-02-25T11:45:28Z,,6000,4000,Beautiful sunset behind the silhouette of a tree,https://unsplash.com/photos/qUiI_QXsPHk/download?ixid=M3w3MTQ1MTR8MHwxfHNlYXJjaHwzODYwfHxzdW5zZXR8ZW58MHx8fHwxNzQwNTAxOTE4fDA
ReUNOmsnf_o,a-sunset-over-a-body-of-water-with-a-boat-in-the-distance-ReUNOmsnf_o,2024-09-10T18:57:59Z,2025-02-25T14:53:19Z,,6000,4000,A sunset over a body of water with a boat in the distance,https://unsplash.com/photos/ReUNOmsnf_o/download?ixid=M3w3MTQ1MTR8MHwxfHNlYXJjaHwzODcxfHxzdW5zZXR8ZW58MHx8fHwxNzQwNTAxOTE3fDA
ytcUnZPuPwI,the-sun-is-setting-over-the-city-skyline-ytcUnZPuPwI,2023-06-28T02:01:05Z,2025-02-25T14:11:11Z,,6000,4000,the sun is setting over the city skyline,https://unsplash.com/photos/ytcUnZPuPwI/download?ixid=M3w3MTQ1MTR8MHwxfHNlYXJjaHwzODg2fHxzdW5zZXR8ZW58MHx8fHwxNzQwNTAxOTE3fDA
MrRfHuWfmBE,the-sun-is-setting-over-a-body-of-water-MrRfHuWfmBE,2023-01-09T10:31:14Z,2025-02-25T11:24:00Z,,6000,4000,the sun is setting over a body of water,https://unsplash.com/photos/MrRfHuWfmBE/download?ixid=M3w3MTQ1MTR8MHwxfHNlYXJjaHwzOTIzfHxzdW5zZXR8ZW58MHx8fHwxNzQwNTAxOTE4fDA
6bJ50Tcfwqs,the-sun-is-setting-over-a-body-of-water-6bJ50Tcfwqs,2024-03-08T21:58:28Z,2025-02-25T11:50:43Z,,6000,4000,"Romantic sunset view on port of Hamburg, Germany",https://unsplash.com/photos/6bJ50Tcfwqs/download?ixid=M3w3MTQ1MTR8MHwxfHNlYXJjaHwzOTI4fHxzdW5zZXR8ZW58MHx8fHwxNzQwNTAxOTE4fDA
P2-6vl73ooI,the-sun-is-setting-over-a-city-skyline-P2-6vl73ooI,2024-01-14T12:29:19Z,2025-02-25T11:47:15Z,,6000,4000,the sun is setting over a city skyline,https://unsplash.com/photos/P2-6vl73ooI/download?ixid=M3w3MTQ1MTR8MHwxfHNlYXJjaHwzOTQwfHxzdW5zZXR8ZW58MHx8fHwxNzQwNTAxOTE3fDA
U88gbomXRuI,the-sun-is-setting-over-a-body-of-water-U88gbomXRuI,2024-12-30T06:12:44Z,2025-02-25T15:00:22Z,,6000,4000,The silhouette of leaves beautifully frames a serene sunset over the ocean. This natural composition blends simplicity with the beauty of nature.,https://unsplash.com/photos/U88gbomXRuI/download?ixid=M3w3MTQ1MTR8MHwxfHNlYXJjaHwzOTQ5fHxzdW5zZXR8ZW58MHx8fHwxNzQwNTAxOTE3fDA
2BTHh0CqUy0,a-view-of-a-sunset-over-a-city-2BTHh0CqUy0,2025-01-06T03:47:45Z,2025-02-25T12:11:15Z,,6000,4000,A view of a sunset over a city,https://unsplash.com/photos/2BTHh0CqUy0/download?ixid=M3w3MTQ1MTR8MHwxfHNlYXJjaHwzOTU4fHxzdW5zZXR8ZW58MHx8fHwxNzQwNTAxOTE3fDA
60Ypwmgb9dI,the-sun-is-setting-over-a-mountain-range-60Ypwmgb9dI,2022-12-19T17:17:53Z,2025-02-25T13:56:26Z,,6000,4000,the sun is setting over a mountain range,https://unsplash.com/photos/60Ypwmgb9dI/download?ixid=M3w3MTQ1MTR8MHwxfHNlYXJjaHwzOTU5fHxzdW5zZXR8ZW58MHx8fHwxNzQwNTAxOTE3fDA
Uo9s7JOIhsY,the-sun-is-setting-over-a-body-of-water-Uo9s7JOIhsY,2023-09-27T01:33:06Z,2025-02-25T14:20:47Z,,6000,4000,Mountain creeping sunset,https://unsplash.com/photos/Uo9s7JOIhsY/download?ixid=M3w3MTQ1MTR8MHwxfHNlYXJjaHwzOTcyfHxzdW5zZXR8ZW58MHx8fHwxNzQwNTAxOTE3fDA
URKAIkcWeCY,the-sun-is-setting-over-the-mountains-in-the-distance-URKAIkcWeCY,2022-12-19T17:17:53Z,2025-02-25T13:56:26Z,,6000,4000,the sun is setting over the mountains in the distance,https://unsplash.com/photos/URKAIkcWeCY/download?ixid=M3w3MTQ1MTR8MHwxfHNlYXJjaHwzOTkzfHxzdW5zZXR8ZW58MHx8fHwxNzQwNTAxOTE4fDA
4Cv8qAMrkFI,the-sun-is-setting-over-a-desert-with-cactus-trees-4Cv8qAMrkFI,2024-09-23T06:23:52Z,2025-02-25T14:54:08Z,,6000,4000,The sun is setting over a desert with cactus trees,https://unsplash.com/photos/4Cv8qAMrkFI/download?ixid=M3w3MTQ1MTR8MHwxfHNlYXJjaHw0MDE1fHxzdW5zZXR8ZW58MHx8fHwxNzQwNTAxOTE4fDA
r2EOiwoSTUg,the-sun-is-setting-over-a-body-of-water-r2EOiwoSTUg,2022-12-22T19:43:32Z,2025-02-25T11:22:54Z,,6000,4000,rough day.,https://unsplash.com/photos/r2EOiwoSTUg/download?ixid=M3w3MTQ1MTR8MHwxfHNlYXJjaHw0MDY4fHxzdW5zZXR8ZW58MHx8fHwxNzQwNTAxOTE3fDA
gr-su_RMELg,the-sun-is-setting-over-a-body-of-water-gr-su_RMELg,2023-04-13T15:32:16Z,2025-02-25T14:04:40Z,,6000,4000,the sun is setting over a body of water,https://unsplash.com/photos/gr-su_RMELg/download?ixid=M3w3MTQ1MTR8MHwxfHNlYXJjaHw0MDc4fHxzdW5zZXR8ZW58MHx8fHwxNzQwNTAxOTE3fDA
0k1GwrWYGNQ,a-group-of-boats-floating-on-top-of-a-body-of-water-0k1GwrWYGNQ,2023-01-05T15:33:23Z,2025-02-25T11:23:39Z,,6000,4000,A sunset with boat silhuette,https://unsplash.com/photos/0k1GwrWYGNQ/download?ixid=M3w3MTQ1MTR8MHwxfHNlYXJjaHw0MDgwfHxzdW5zZXR8ZW58MHx8fHwxNzQwNTAxOTE3fDA
T8t1tpRutCA,the-sun-is-setting-over-a-mountain-range-T8t1tpRutCA,2024-08-02T14:22:26Z,2025-02-25T12:00:29Z,,6000,4000,The sun is setting over a mountain range,https://unsplash.com/photos/T8t1tpRutCA/download?ixid=M3w3MTQ1MTR8MHwxfHNlYXJjaHw0MTU3fHxzdW5zZXR8ZW58MHx8fHwxNzQwNTAxOTE4fDA
uEFdgQ36WsI,the-sun-is-setting-over-a-body-of-water-uEFdgQ36WsI,2024-01-10T20:13:35Z,2025-02-25T14:32:58Z,,6000,4000,the sun is setting over a body of water,https://unsplash.com/photos/uEFdgQ36WsI/download?ixid=M3w3MTQ1MTR8MHwxfHNlYXJjaHw0MTU5fHxzdW5zZXR8ZW58MHx8fHwxNzQwNTAxOTE4fDA
uHb2lR2323c,a-sailboat-in-the-ocean-at-sunset-uHb2lR2323c,2023-12-29T03:58:14Z,2025-02-25T14:31:24Z,,6000,4000,a sailboat in the ocean at sunset,https://unsplash.com/photos/uHb2lR2323c/download?ixid=M3w3MTQ1MTR8MHwxfHNlYXJjaHw0MTY0fHxzdW5zZXR8ZW58MHx8fHwxNzQwNTAxOTE4fDA
lpbtkWCY7y4,a-person-standing-on-a-beach-at-sunset-lpbtkWCY7y4,2023-11-17T14:32:02Z,2025-02-25T14:26:55Z,,6000,4000,a person standing on a beach at sunset,https://unsplash.com/photos/lpbtkWCY7y4/download?ixid=M3w3MTQ1MTR8MHwxfHNlYXJjaHw0MTk4fHxzdW5zZXR8ZW58MHx8fHwxNzQwNTAxOTE3fDA
AKVED48oXJo,the-sun-is-setting-over-a-body-of-water-AKVED48oXJo,2024-01-01T08:04:40Z,2025-02-25T11:46:26Z,,6000,4000,Last sunset of 2023,https://unsplash.com/photos/AKVED48oXJo/download?ixid=M3w3MTQ1MTR8MHwxfHNlYXJjaHw0MjEwfHxzdW5zZXR8ZW58MHx8fHwxNzQwNTAxOTE3fDA
OIwtZbpDTI0,the-sun-is-setting-over-a-body-of-water-OIwtZbpDTI0,2024-07-19T15:05:31Z,2025-02-25T14:49:17Z,,6000,4000,The sun is setting over a body of water,https://unsplash.com/photos/OIwtZbpDTI0/download?ixid=M3w3MTQ1MTR8MHwxfHNlYXJjaHw0MjE1fHxzdW5zZXR8ZW58MHx8fHwxNzQwNTAxOTE3fDA
XCyhVtx6nbQ,a-sunset-over-a-body-of-water-XCyhVtx6nbQ,2023-09-13T05:41:10Z,2025-02-25T11:39:17Z,,6000,4000,Beautiful lake in the afternoon,https://unsplash.com/photos/XCyhVtx6nbQ/download?ixid=M3w3MTQ1MTR8MHwxfHNlYXJjaHw0MjI3fHxzdW5zZXR8ZW58MHx8fHwxNzQwNTAxOTE3fDA
cPmJQFnjpuE,a-person-standing-on-a-beach-next-to-the-ocean-cPmJQFnjpuE,2024-01-11T20:45:07Z,2025-02-25T11:47:08Z,,6000,4000,Sunset seen through the branches of a pine tree on a beach,https://unsplash.com/photos/cPmJQFnjpuE/download?ixid=M3w3MTQ1MTR8MHwxfHNlYXJjaHw0MjMzfHxzdW5zZXR8ZW58MHx8fHwxNzQwNTAxOTE3fDA
gEyGPKUyEGw,the-sun-is-setting-over-a-mountain-range-gEyGPKUyEGw,2024-08-22T12:44:50Z,2025-02-25T14:52:04Z,,6000,4000,The sun is setting over a mountain range,https://unsplash.com/photos/gEyGPKUyEGw/download?ixid=M3w3MTQ1MTR8MHwxfHNlYXJjaHw0MjM0fHxzdW5zZXR8ZW58MHx8fHwxNzQwNTAxOTE3fDA
wkWjUArO5_k,the-sun-is-setting-behind-some-trees-wkWjUArO5_k,2023-10-05T09:44:58Z,2025-02-25T14:21:52Z,,6000,4000,the sun is setting behind some trees,https://unsplash.com/photos/wkWjUArO5_k/download?ixid=M3w3MTQ1MTR8MHwxfHNlYXJjaHw0MjM2fHxzdW5zZXR8ZW58MHx8fHwxNzQwNTAxOTE3fDA
w7ApzHUP3YM,the-sun-is-setting-over-the-mountains-in-the-distance-w7ApzHUP3YM,2023-01-30T05:47:55Z,2025-02-25T13:58:49Z,,6000,4000,"Buenos Aries Wildlife Refuge, AZ",https://unsplash.com/photos/w7ApzHUP3YM/download?ixid=M3w3MTQ1MTR8MHwxfHNlYXJjaHw0MjQ3fHxzdW5zZXR8ZW58MHx8fHwxNzQwNTAxOTE3fDA
3SLTxxTBv2U,the-sun-is-setting-behind-a-mountain-peak-3SLTxxTBv2U,2023-10-21T10:13:13Z,2025-02-25T14:23:40Z,2023-10-24T09:00:01Z,6000,4000,the sun is setting behind a mountain peak,https://unsplash.com/photos/3SLTxxTBv2U/download?ixid=M3w3MTQ1MTR8MHwxfHNlYXJjaHw0MjU0fHxzdW5zZXR8ZW58MHx8fHwxNzQwNTAxOTE3fDA
Fu3f7cRiMcU,the-sun-is-setting-over-the-ocean-and-rocks-Fu3f7cRiMcU,2024-04-15T21:30:54Z,2025-02-25T11:53:16Z,,6000,4000,the sun is setting over the ocean and rocks,https://unsplash.com/photos/Fu3f7cRiMcU/download?ixid=M3w3MTQ1MTR8MHwxfHNlYXJjaHw0MjU2fHxzdW5zZXR8ZW58MHx8fHwxNzQwNTAxOTE3fDA
qqGKL3_hpm8,a-sunset-over-a-body-of-water-with-a-tree-in-the-foreground-qqGKL3_hpm8,2024-06-03T11:57:16Z,2025-02-25T14:46:04Z,,6000,4000,Sunset time lake view,https://unsplash.com/photos/qqGKL3_hpm8/download?ixid=M3w3MTQ1MTR8MHwxfHNlYXJjaHw0MjY1fHxzdW5zZXR8ZW58MHx8fHwxNzQwNTAxOTE3fDA
mJo5vPgUGTE,the-sun-is-setting-over-a-body-of-water-mJo5vPgUGTE,2024-07-06T19:07:54Z,2025-02-25T11:58:43Z,,6000,4000,The sun is setting over a body of water,https://unsplash.com/photos/mJo5vPgUGTE/download?ixid=M3w3MTQ1MTR8MHwxfHNlYXJjaHw0Mjg3fHxzdW5zZXR8ZW58MHx8fHwxNzQwNTAxOTE3fDA
xNovPpCxSCw,the-sun-is-setting-over-the-ocean-on-a-cloudy-day-xNovPpCxSCw,2024-02-29T05:47:20Z,2025-02-25T11:50:06Z,,6000,4000,Sunset in the sea of Tel Aviv.,https://unsplash.com/photos/xNovPpCxSCw/download?ixid=M3w3MTQ1MTR8MHwxfHNlYXJjaHw0MzM2fHxzdW5zZXR8ZW58MHx8fHwxNzQwNTAxOTE4fDA
kGo4YEf-4LI,the-sun-is-setting-over-a-body-of-water-kGo4YEf-4LI,2024-10-05T08:23:27Z,2025-02-25T14:54:55Z,,6000,4000,The sun is setting over a body of water,https://unsplash.com/photos/kGo4YEf-4LI/download?ixid=M3w3MTQ1MTR8MHwxfHNlYXJjaHw0MzQ1fHxzdW5zZXR8ZW58MHx8fHwxNzQwNTAxOTE4fDA
xy-XbcdU4Ec,the-sun-is-setting-behind-a-mountain-peak-xy-XbcdU4Ec,2023-07-28T08:49:57Z,2025-02-25T11:36:22Z,,6000,4000,"Silhouette of El Teide, Spain at dusk.",https://unsplash.com/photos/xy-XbcdU4Ec/download?ixid=M3w3MTQ1MTR8MHwxfHNlYXJjaHw0MzY2fHxzdW5zZXR8ZW58MHx8fHwxNzQwNTAxOTE3fDA
A9PFWXtrG_Y,the-sun-is-setting-over-a-hill-with-a-couple-of-people-standing-on-top-of-A9PFWXtrG_Y,2024-02-02T00:05:18Z,2025-02-25T14:35:22Z,,6000,4000,the sun is setting over a hill with a couple of people standing on top of,https://unsplash.com/photos/A9PFWXtrG_Y/download?ixid=M3w3MTQ1MTR8MHwxfHNlYXJjaHw0Mzc1fHxzdW5zZXR8ZW58MHx8fHwxNzQwNTAxOTE3fDA
xr6eckGbn_g,the-sun-is-setting-in-the-sky-over-the-trees-xr6eckGbn_g,2023-07-12T12:42:06Z,2025-02-25T14:13:10Z,,6000,4000,the sun is setting in the sky over the trees,https://unsplash.com/photos/xr6eckGbn_g/download?ixid=M3w3MTQ1MTR8MHwxfHNlYXJjaHw0Mzc4fHxzdW5zZXR8ZW58MHx8fHwxNzQwNTAxOTE3fDA
bu-cIclyOIs,the-sun-is-setting-over-a-mountain-range-bu-cIclyOIs,2024-04-26T12:19:13Z,2025-02-25T11:53:59Z,,6000,4000,the sun is setting over a mountain range,https://unsplash.com/photos/bu-cIclyOIs/download?ixid=M3w3MTQ1MTR8MHwxfHNlYXJjaHw0NDAyfHxzdW5zZXR8ZW58MHx8fHwxNzQwNTAxOTE3fDA
F9EZwVKoH7g,the-sun-is-setting-over-the-ocean-with-palm-trees-F9EZwVKoH7g,2025-01-01T22:52:24Z,2025-02-25T12:10:58Z,,6000,4000,View from pool deck of the sunset,https://unsplash.com/photos/F9EZwVKoH7g/download?ixid=M3w3MTQ1MTR8MHwxfHNlYXJjaHw0NDIyfHxzdW5zZXR8ZW58MHx8fHwxNzQwNTAxOTE3fDA
yTt1F7YodJc,a-sunset-over-a-river-with-a-bridge-in-the-distance-yTt1F7YodJc,2024-07-01T21:45:17Z,2025-02-25T14:47:59Z,,6000,4000,A sunset over a river with a bridge in the distance,https://unsplash.com/photos/yTt1F7YodJc/download?ixid=M3w3MTQ1MTR8MHwxfHNlYXJjaHw0NDI4fHxzdW5zZXR8ZW58MHx8fHwxNzQwNTAxOTE3fDA
wH_p4heFK2k,the-sun-is-setting-over-a-field-with-power-lines-wH_p4heFK2k,2024-06-27T02:20:41Z,2025-02-25T14:47:37Z,,6000,4000,The sun is setting over a field with power lines,https://unsplash.com/photos/wH_p4heFK2k/download?ixid=M3w3MTQ1MTR8MHwxfHNlYXJjaHw0NDM0fHxzdW5zZXR8ZW58MHx8fHwxNzQwNTAxOTE3fDA
KA6wqwr0n-I,a-colorful-sunset-with-clouds-in-the-sky-KA6wqwr0n-I,2024-02-24T04:26:07Z,2025-02-25T14:37:52Z,,6000,4000,Sunset in one of my favorite fields,https://unsplash.com/photos/KA6wqwr0n-I/download?ixid=M3w3MTQ1MTR8MHwxfHNlYXJjaHw0NDUzfHxzdW5zZXR8ZW58MHx8fHwxNzQwNTAxOTE4fDA
Rgu2BVogooQ,silhouette-of-buildings-Rgu2BVogooQ,2019-12-01T13:28:19Z,2025-02-25T12:47:19Z,,6000,4000,silhouette of buildings,https://unsplash.com/photos/Rgu2BVogooQ/download?ixid=M3w3MTQ1MTR8MHwxfHNlYXJjaHw0NDcyfHxzdW5zZXR8ZW58MHx8fHwxNzQwNTAxOTE3fDA
THRyVCmXY5I,the-sun-is-setting-over-the-ocean-with-a-mountain-in-the-background-THRyVCmXY5I,2024-09-11T19:14:19Z,2025-02-25T12:03:38Z,,6000,4000,Sunset,https://unsplash.com/photos/THRyVCmXY5I/download?ixid=M3w3MTQ1MTR8MHwxfHNlYXJjaHw0NDkyfHxzdW5zZXR8ZW58MHx8fHwxNzQwNTAxOTE3fDA
z_8hXEkbJlM,the-sun-is-setting-over-a-body-of-water-z_8hXEkbJlM,2025-02-19T13:10:17Z,2025-02-25T15:04:15Z,,6000,4000,A small hut by the water body under the sunset,https://unsplash.com/photos/z_8hXEkbJlM/download?ixid=M3w3MTQ0NDV8MHwxfHNlYXJjaHw0NTUzfHxzdW5zZXR8ZW58MHx8fHwxNzQwNTAyMDA2fDA
EXpymLEr7ns,the-sun-is-setting-over-a-mountain-and-a-boat-is-in-the-water-EXpymLEr7ns,2023-06-23T08:25:29Z,2025-02-25T11:34:29Z,,6000,4000,the sun is setting over a mountain and a boat is in the water,https://unsplash.com/photos/EXpymLEr7ns/download?ixid=M3w3MTQ0NDV8MHwxfHNlYXJjaHw0NTU0fHxzdW5zZXR8ZW58MHx8fHwxNzQwNTAyMDA2fDA
FQXIuh6K36U,body-of-water-near-trees-during-sunset-FQXIuh6K36U,2020-06-20T17:21:31Z,2025-02-25T15:48:50Z,,6000,4000,body of water near trees during sunset,https://unsplash.com/photos/FQXIuh6K36U/download?ixid=M3w3MTQ0NDV8MHwxfHNlYXJjaHw0NTY2fHxzdW5zZXR8ZW58MHx8fHwxNzQwNTAyMDA2fDA
S3XfXX9imFM,the-sun-is-setting-over-a-body-of-water-S3XfXX9imFM,2023-12-29T03:58:13Z,2025-02-25T14:31:24Z,,6000,4000,Stunning sunset,https://unsplash.com/photos/S3XfXX9imFM/download?ixid=M3w3MTQ0NDV8MHwxfHNlYXJjaHw0NTc1fHxzdW5zZXR8ZW58MHx8fHwxNzQwNTAyMDA2fDA
TRNTO8A-S9g,the-sun-is-setting-over-a-body-of-water-TRNTO8A-S9g,2024-12-08T18:11:29Z,2025-02-25T14:59:10Z,,6000,4000,The sun is setting over a body of water,https://unsplash.com/photos/TRNTO8A-S9g/download?ixid=M3w3MTQ0NDV8MHwxfHNlYXJjaHw0NTk2fHxzdW5zZXR8ZW58MHx8fHwxNzQwNTAyMDA2fDA
_L_ozOxwNgA,the-sun-is-setting-behind-a-tree-in-the-dark-_L_ozOxwNgA,2025-02-02T03:12:05Z,2025-02-25T15:02:48Z,,6000,4000,The sun is setting behind a tree in the dark,https://unsplash.com/photos/_L_ozOxwNgA/download?ixid=M3w3MTQ0NDV8MHwxfHNlYXJjaHw0NjE5fHxzdW5zZXR8ZW58MHx8fHwxNzQwNTAyMDA2fDA
vQAnhVspkfU,clouds-at-sunset-vQAnhVspkfU,2019-10-26T17:44:50Z,2025-02-25T15:35:33Z,,6000,4000,clouds at sunset,https://unsplash.com/photos/vQAnhVspkfU/download?ixid=M3w3MTQ0NDV8MHwxfHNlYXJjaHw0NjI5fHxzdW5zZXR8ZW58MHx8fHwxNzQwNTAyMDA2fDA
4FnY7MELPvg,the-sun-is-setting-over-a-lake-with-mountains-in-the-background-4FnY7MELPvg,2024-04-26T12:19:13Z,2025-02-25T11:53:59Z,,6000,4000,the sun is setting over a lake with mountains in the background,https://unsplash.com/photos/4FnY7MELPvg/download?ixid=M3w3MTQ0NDV8MHwxfHNlYXJjaHw0NjM3fHxzdW5zZXR8ZW58MHx8fHwxNzQwNTAyMDA2fDA
uuLeYMqkPFg,a-lone-tree-is-silhouetted-against-a-sunset-uuLeYMqkPFg,2023-09-20T18:59:24Z,2025-02-25T14:20:06Z,,6000,4000,Atardecer en Madagascar.,https://unsplash.com/photos/uuLeYMqkPFg/download?ixid=M3w3MTQ0NDV8MHwxfHNlYXJjaHw0NjQyfHxzdW5zZXR8ZW58MHx8fHwxNzQwNTAyMDA2fDA
yXhSuF-zKII,the-sky-is-pink-and-purple-as-the-sun-sets-yXhSuF-zKII,2024-12-09T08:20:18Z,2025-02-25T14:59:13Z,,6000,4000,Red Sky,https://unsplash.com/photos/yXhSuF-zKII/download?ixid=M3w3MTQ0NDV8MHwxfHNlYXJjaHw0NjQ0fHxzdW5zZXR8ZW58MHx8fHwxNzQwNTAyMDA2fDA
K73rzKIltJ4,the-sun-is-setting-behind-some-palm-trees-K73rzKIltJ4,2023-08-11T00:12:55Z,2025-02-25T14:15:55Z,,6000,4000,Sunset with palms,https://unsplash.com/photos/K73rzKIltJ4/download?ixid=M3w3MTQ0NDV8MHwxfHNlYXJjaHw0NjUyfHxzdW5zZXR8ZW58MHx8fHwxNzQwNTAyMDA2fDA
zggXfaXrJ0c,body-of-water-during-sunset-zggXfaXrJ0c,2021-06-21T12:27:36Z,2025-02-25T13:18:44Z,,6000,4000,Summer solstice,https://unsplash.com/photos/zggXfaXrJ0c/download?ixid=M3w3MTQ0NDV8MHwxfHNlYXJjaHw0NjU4fHxzdW5zZXR8ZW58MHx8fHwxNzQwNTAyMDA2fDA
T2B_Rh3TrMk,a-city-street-with-a-clock-tower-in-the-distance-T2B_Rh3TrMk,2023-09-29T17:14:35Z,2025-02-25T14:21:01Z,,6000,4000,a city street with a clock tower in the distance,https://unsplash.com/photos/T2B_Rh3TrMk/download?ixid=M3w3MTQ0NDV8MHwxfHNlYXJjaHw0Njk1fHxzdW5zZXR8ZW58MHx8fHwxNzQwNTAyMDA2fDA
JH2kHnIqjwo,the-sun-is-setting-over-the-ocean-with-palm-trees-JH2kHnIqjwo,2025-01-01T22:52:24Z,2025-02-25T12:10:58Z,,6000,4000,View from pool deck of the sunset,https://unsplash.com/photos/JH2kHnIqjwo/download?ixid=M3w3MTQ0NDV8MHwxfHNlYXJjaHw0Njk4fHxzdW5zZXR8ZW58MHx8fHwxNzQwNTAyMDA2fDA
8DcY7-U1Q8k,silhouette-of-mountain-during-sunset-8DcY7-U1Q8k,2020-10-26T09:12:30Z,2025-02-25T15:56:02Z,,6000,4000,Sunrise in Marsabit,https://unsplash.com/photos/8DcY7-U1Q8k/download?ixid=M3w3MTQ0NDV8MHwxfHNlYXJjaHw0NzE2fHxzdW5zZXR8ZW58MHx8fHwxNzQwNTAyMDA2fDA
vFNwoZFw5Tk,the-sun-is-setting-over-the-ocean-with-straw-umbrellas-vFNwoZFw5Tk,2024-08-15T23:59:32Z,2025-02-25T14:51:37Z,,6000,4000,The sun is setting over the ocean with straw umbrellas,https://unsplash.com/photos/vFNwoZFw5Tk/download?ixid=M3w3MTQ0NDV8MHwxfHNlYXJjaHw0NzQwfHxzdW5zZXR8ZW58MHx8fHwxNzQwNTAyMDA2fDA
xFz8BDiiM7E,a-barn-sits-in-the-middle-of-a-lake-as-the-sun-sets-xFz8BDiiM7E,2023-11-10T05:54:35Z,2025-02-25T11:43:24Z,,6000,4000,Reedy Creek,https://unsplash.com/photos/xFz8BDiiM7E/download?ixid=M3w3MTQ0NDV8MHwxfHNlYXJjaHw0NzU0fHxzdW5zZXR8ZW58MHx8fHwxNzQwNTAyMDA3fDA
JBKy9J5jkwo,the-sun-is-setting-over-a-body-of-water-JBKy9J5jkwo,2023-09-05T22:33:31Z,2025-02-25T14:18:32Z,,6000,4000,the sun is setting over a body of water,https://unsplash.com/photos/JBKy9J5jkwo/download?ixid=M3w3MTQ0NDV8MHwxfHNlYXJjaHw0NzYwfHxzdW5zZXR8ZW58MHx8fHwxNzQwNTAyMDA3fDA
hY_-TRifAQA,a-plane-flying-in-the-sky-with-a-sunset-in-the-background-hY_-TRifAQA,2024-01-01T22:50:49Z,2025-02-25T14:31:46Z,,6000,4000,"Great sunset in Val Gardena, S√ºdtirol, Italy",https://unsplash.com/photos/hY_-TRifAQA/download?ixid=M3w3MTQ0NDV8MHwxfHNlYXJjaHw0NzkxfHxzdW5zZXR8ZW58MHx8fHwxNzQwNTAyMDA3fDA
_iI0GaCYdAo,the-sun-is-setting-over-a-body-of-water-_iI0GaCYdAo,2023-09-18T21:32:53Z,2025-02-25T14:19:52Z,,6000,4000,"Greece, Summer 2023",https://unsplash.com/photos/_iI0GaCYdAo/download?ixid=M3w3MTQ0NDV8MHwxfHNlYXJjaHw0ODAyfHxzdW5zZXR8ZW58MHx8fHwxNzQwNTAyMDA2fDA
QIdfnP0_RZM,silhouette-of-plants-during-sunset-QIdfnP0_RZM,2021-02-25T14:52:00Z,2025-02-25T16:03:48Z,,6000,4000,when sun goes down,https://unsplash.com/photos/QIdfnP0_RZM/download?ixid=M3w3MTQ0NDV8MHwxfHNlYXJjaHw0ODA1fHxzdW5zZXR8ZW58MHx8fHwxNzQwNTAyMDA2fDA
MokB4YqzKyo,the-sun-is-setting-behind-a-cactus-in-the-desert-MokB4YqzKyo,2024-09-23T06:23:52Z,2025-02-25T14:54:08Z,,6000,4000,The sun is setting behind a cactus in the desert,https://unsplash.com/photos/MokB4YqzKyo/download?ixid=M3w3MTQ0NDV8MHwxfHNlYXJjaHw0ODExfHxzdW5zZXR8ZW58MHx8fHwxNzQwNTAyMDA2fDA
kylUsUDwzVY,a-sunset-view-of-a-valley-with-mountains-in-the-background-kylUsUDwzVY,2021-12-31T07:41:45Z,2025-02-25T13:33:14Z,,6000,4000,a sunset view of a valley with mountains in the background,https://unsplash.com/photos/kylUsUDwzVY/download?ixid=M3w3MTQ0NDV8MHwxfHNlYXJjaHw0ODI1fHxzdW5zZXR8ZW58MHx8fHwxNzQwNTAyMDA2fDA
PTOl2uUrLoM,silhouette-of-people-on-rocky-mountain-during-sunset-PTOl2uUrLoM,2020-02-09T13:51:09Z,2025-02-25T12:50:20Z,,6000,4000,silhouette of people on rocky mountain during sunset,https://unsplash.com/photos/PTOl2uUrLoM/download?ixid=M3w3MTQ0NDV8MHwxfHNlYXJjaHw0ODU2fHxzdW5zZXR8ZW58MHx8fHwxNzQwNTAyMDA2fDA
uEFYmKmapMA,a-sunset-over-a-body-of-water-with-boats-in-the-water-uEFYmKmapMA,2024-09-10T18:57:59Z,2025-02-25T14:53:19Z,,6000,4000,A sunset over a body of water with boats in the water,https://unsplash.com/photos/uEFYmKmapMA/download?ixid=M3w3MTQ0NDV8MHwxfHNlYXJjaHw0ODcyfHxzdW5zZXR8ZW58MHx8fHwxNzQwNTAyMDA2fDA
yv-yHCgjcOQ,the-sun-is-setting-behind-some-trees-yv-yHCgjcOQ,2024-01-27T14:19:55Z,2025-02-25T11:47:59Z,,6000,4000,Sunset,https://unsplash.com/photos/yv-yHCgjcOQ/download?ixid=M3w3MTQ0NDV8MHwxfHNlYXJjaHw0ODczfHxzdW5zZXR8ZW58MHx8fHwxNzQwNTAyMDA2fDA
UfhMWxsOd_Y,the-sun-is-setting-over-a-calm-lake-UfhMWxsOd_Y,2019-08-14T01:36:49Z,2025-02-25T15:31:37Z,,6000,4000,the sun is setting over a calm lake,https://unsplash.com/photos/UfhMWxsOd_Y/download?ixid=M3w3MTQ0NDV8MHwxfHNlYXJjaHw0OTg0fHxzdW5zZXR8ZW58MHx8fHwxNzQwNTAyMDA2fDA
Bog2_W-AFmA,silhouette-of-mountain-during-sunset-Bog2_W-AFmA,2021-01-08T20:18:55Z,2025-02-25T16:00:26Z,,6000,4000,silhouette of mountain during sunset,https://unsplash.com/photos/Bog2_W-AFmA/download?ixid=M3w3MTQ0NDV8MHwxfHNlYXJjaHw0OTg5fHxzdW5zZXR8ZW58MHx8fHwxNzQwNTAyMDA2fDA
wSYMpCx_1Ww,a-red-and-black-sky-with-a-building-in-the-background-wSYMpCx_1Ww,2023-04-17T17:39:20Z,2025-02-25T14:04:56Z,,6000,4000,a red and black sky with a building in the background,https://unsplash.com/photos/wSYMpCx_1Ww/download?ixid=M3w3MTQ0NDV8MHwxfHNlYXJjaHw0OTk0fHxzdW5zZXR8ZW58MHx8fHwxNzQwNTAyMDA2fDA
I01o2Ci7joo,a-sunset-with-clouds-and-buildings-in-the-background-I01o2Ci7joo,2023-03-20T11:13:20Z,2025-02-25T11:28:43Z,,6000,4000,a sunset with clouds and buildings in the background,https://unsplash.com/photos/I01o2Ci7joo/download?ixid=M3w3MTQ0NDV8MHwxfHNlYXJjaHw1MDE0fHxzdW5zZXR8ZW58MHx8fHwxNzQwNTAyMDA2fDA
FaTmhBU8u98,green-grass-field-during-sunset-FaTmhBU8u98,2021-07-31T16:11:30Z,2025-02-25T13:22:38Z,,6000,4000,green grass field during sunset,https://unsplash.com/photos/FaTmhBU8u98/download?ixid=M3w3MTQ0NDV8MHwxfHNlYXJjaHw1MDMzfHxzdW5zZXR8ZW58MHx8fHwxNzQwNTAyMDA2fDA
mv7Q0YJi5ok,body-of-water-mv7Q0YJi5ok,2019-09-02T16:35:24Z,2025-02-25T12:43:35Z,,6000,4000,body of water,https://unsplash.com/photos/mv7Q0YJi5ok/download?ixid=M3w3MTQ0NDV8MHwxfHNlYXJjaHw1MDM2fHxzdW5zZXR8ZW58MHx8fHwxNzQwNTAyMDA2fDA
G9dZxa98DHY,the-sun-is-setting-over-the-water-with-a-tree-in-the-foreground-G9dZxa98DHY,2023-04-04T04:30:29Z,2025-02-25T11:30:13Z,,6000,4000,A sunset on the coast in Desolation Sound. The tropics of British Columbia.,https://unsplash.com/photos/G9dZxa98DHY/download?ixid=M3w3MTQ0NDV8MHwxfHNlYXJjaHw1MDQ4fHxzdW5zZXR8ZW58MHx8fHwxNzQwNTAyMDA2fDA
1LempX293jU,the-sun-is-setting-over-a-body-of-water-1LempX293jU,2023-09-21T21:37:54Z,2025-02-25T11:39:55Z,,6000,4000,the sun is setting over a body of water,https://unsplash.com/photos/1LempX293jU/download?ixid=M3w3MTQ0NDV8MHwxfHNlYXJjaHw1MDc1fHxzdW5zZXR8ZW58MHx8fHwxNzQwNTAyMDA2fDA
tMEcHIcGyH8,body-of-water-during-sunset-tMEcHIcGyH8,2020-06-17T03:27:33Z,2025-02-25T12:57:18Z,,6000,4000,Sunset on the beach,https://unsplash.com/photos/tMEcHIcGyH8/download?ixid=M3w3MTQ0NDV8MHwxfHNlYXJjaHw1MDg1fHxzdW5zZXR8ZW58MHx8fHwxNzQwNTAyMDA2fDA
07P5_OSm9jM,silhouette-of-trees-during-sunset-07P5_OSm9jM,2021-04-17T03:34:53Z,2025-02-25T16:07:13Z,,6000,4000,Sunset,https://unsplash.com/photos/07P5_OSm9jM/download?ixid=M3w3MTQ0NDV8MHwxfHNlYXJjaHw1MDkxfHxzdW5zZXR8ZW58MHx8fHwxNzQwNTAyMDA2fDA
jrLauFDX3O0,golden-hour-jrLauFDX3O0,2019-03-19T11:30:49Z,2025-02-25T12:37:03Z,,6000,4000,golden hour,https://unsplash.com/photos/jrLauFDX3O0/download?ixid=M3w3MTQ0NDV8MHwxfHNlYXJjaHw1MDkzfHxzdW5zZXR8ZW58MHx8fHwxNzQwNTAyMDA2fDA
WzmwsqtRKG0,silhouette-of-trees-during-sunset-WzmwsqtRKG0,2021-01-05T05:29:30Z,2025-02-25T13:08:42Z,,6000,4000,Reflections,https://unsplash.com/photos/WzmwsqtRKG0/download?ixid=M3w3MTQ0NDV8MHwxfHNlYXJjaHw1MTAzfHxzdW5zZXR8ZW58MHx8fHwxNzQwNTAyMDA2fDA
CQBnUik3PMY,silhouette-of-mountain-under-blue-sky-during-daytime-CQBnUik3PMY,2020-08-12T20:29:43Z,2025-02-25T15:51:36Z,,6000,4000,A beautiful sunset with lens flares.,https://unsplash.com/photos/CQBnUik3PMY/download?ixid=M3w3MTQ0NDV8MHwxfHNlYXJjaHw1MTEzfHxzdW5zZXR8ZW58MHx8fHwxNzQwNTAyMDA2fDA
QGMZlaO7J88,people-on-beach-during-sunset-QGMZlaO7J88,2020-06-28T00:11:42Z,2025-02-25T12:57:50Z,,6000,4000,people on beach during sunset,https://unsplash.com/photos/QGMZlaO7J88/download?ixid=M3w3MTQ0NDV8MHwxfHNlYXJjaHw1MTE0fHxzdW5zZXR8ZW58MHx8fHwxNzQwNTAyMDA2fDA
3rNclqoXGXw,a-sunset-over-a-body-of-water-with-clouds-in-the-sky-3rNclqoXGXw,2025-02-19T12:55:05Z,2025-02-25T15:04:15Z,,6000,4000,Body of water under cloudy sky,https://unsplash.com/photos/3rNclqoXGXw/download?ixid=M3w3MTQ0NDV8MHwxfHNlYXJjaHw1MTIyfHxzdW5zZXR8ZW58MHx8fHwxNzQwNTAyMDA2fDA
01r5hWHRRfc,silhouette-photo-of-sea-01r5hWHRRfc,2019-08-24T04:55:30Z,2025-02-25T15:32:06Z,,6000,4000,Sunset at the Island of Gods,https://unsplash.com/photos/01r5hWHRRfc/download?ixid=M3w3MTQ0NDV8MHwxfHNlYXJjaHw1MTIzfHxzdW5zZXR8ZW58MHx8fHwxNzQwNTAyMDA2fDA
BjeqYKOmnoo,silhouette-of-people-on-beach-during-sunset-BjeqYKOmnoo,2020-06-30T09:43:26Z,2025-02-25T15:49:20Z,,6000,4000,Twilight at the beach.,https://unsplash.com/photos/BjeqYKOmnoo/download?ixid=M3w3MTQ0NDV8MHwxfHNlYXJjaHw1MTY1fHxzdW5zZXR8ZW58MHx8fHwxNzQwNTAyMDA2fDA
pTJOSIktnI8,a-sunset-view-of-a-city-from-a-hill-pTJOSIktnI8,2019-07-26T09:49:15Z,2025-02-25T12:41:36Z,,6000,4000,a sunset view of a city from a hill,https://unsplash.com/photos/pTJOSIktnI8/download?ixid=M3w3MTQ0NDV8MHwxfHNlYXJjaHw1MTk5fHxzdW5zZXR8ZW58MHx8fHwxNzQwNTAyMDA3fDA
4WJlVgqVR1I,a-person-standing-on-the-edge-of-a-cliff-at-sunset-4WJlVgqVR1I,2023-08-13T18:48:54Z,2025-02-25T14:16:09Z,,6000,4000,a person standing on the edge of a cliff at sunset,https://unsplash.com/photos/4WJlVgqVR1I/download?ixid=M3w3MTQ0NDV8MHwxfHNlYXJjaHw1MjAzfHxzdW5zZXR8ZW58MHx8fHwxNzQwNTAyMDA3fDA
U8m8-Xzbzfs,silhouette-of-mountain-during-sunset-U8m8-Xzbzfs,2021-02-07T09:32:44Z,2025-02-25T16:02:41Z,,6000,4000,"Puesta de sol en Fuente del Fresno, Madrid",https://unsplash.com/photos/U8m8-Xzbzfs/download?ixid=M3w3MTQ0NDV8MHwxfHNlYXJjaHw1MjI0fHxzdW5zZXR8ZW58MHx8fHwxNzQwNTAyMDA2fDA
o3g66w6kz88,silhouette-of-palm-trees-near-body-of-water-during-sunset-o3g66w6kz88,2020-10-07T14:52:57Z,2025-02-25T13:03:46Z,,6000,4000,silhouette of palm trees near body of water during sunset,https://unsplash.com/photos/o3g66w6kz88/download?ixid=M3w3MTQ0NDV8MHwxfHNlYXJjaHw1MjI2fHxzdW5zZXR8ZW58MHx8fHwxNzQwNTAyMDA2fDA
E3lfH6LfEtg,silhouette-of-people-on-beach-during-sunset-E3lfH6LfEtg,2020-08-31T20:19:44Z,2025-02-25T15:52:45Z,,6000,4000,silhouette of people on beach during sunset,https://unsplash.com/photos/E3lfH6LfEtg/download?ixid=M3w3MTQ0NDV8MHwxfHNlYXJjaHw1MjI5fHxzdW5zZXR8ZW58MHx8fHwxNzQwNTAyMDA2fDA
XaSDEi31owE,the-sun-is-setting-over-a-small-town-XaSDEi31owE,2021-09-24T11:44:12Z,2025-02-25T13:26:36Z,,6000,4000,the sun is setting over a small town,https://unsplash.com/photos/XaSDEi31owE/download?ixid=M3w3MTQ0NDV8MHwxfHNlYXJjaHw1MjMwfHxzdW5zZXR8ZW58MHx8fHwxNzQwNTAyMDA2fDA
yQ_qDEflAoI,silhouette-of-birds-flying-over-the-trees-during-sunset-yQ_qDEflAoI,2021-03-21T08:41:28Z,2025-02-25T16:05:31Z,,6000,4000,silhouette of birds flying over the trees during sunset,https://unsplash.com/photos/yQ_qDEflAoI/download?ixid=M3w3MTQ0NDV8MHwxfHNlYXJjaHw1MjQ0fHxzdW5zZXR8ZW58MHx8fHwxNzQwNTAyMDA2fDA
26oLqDwFW44,silhouette-of-trees-during-nighttime-26oLqDwFW44,2019-10-28T12:44:16Z,2025-02-25T15:35:39Z,,6000,4000,Sunsets and silhouettes,https://unsplash.com/photos/26oLqDwFW44/download?ixid=M3w3MTQ0NDV8MHwxfHNlYXJjaHw1MjQ4fHxzdW5zZXR8ZW58MHx8fHwxNzQwNTAyMDA2fDA
Y0bVfsb9uTg,the-sun-is-setting-over-a-body-of-water-Y0bVfsb9uTg,2024-02-16T14:27:47Z,2025-02-25T14:36:55Z,,6000,4000,Seagrass in the wind at Sunset | One of my family's favorite vacation spots. I've been on this beach since I was a child.,https://unsplash.com/photos/Y0bVfsb9uTg/download?ixid=M3w3MTQ0NDV8MHwxfHNlYXJjaHw1MjUwfHxzdW5zZXR8ZW58MHx8fHwxNzQwNTAyMDA2fDA
kpflY1xEWjo,the-sun-is-setting-over-a-hill-with-trees-kpflY1xEWjo,2025-02-21T17:24:23Z,2025-02-25T12:14:19Z,,6000,4000,The sun is setting over a hill with trees,https://unsplash.com/photos/kpflY1xEWjo/download?ixid=M3w3MTQ0NDV8MHwxfHNlYXJjaHw1MjY3fHxzdW5zZXR8ZW58MHx8fHwxNzQwNTAyMDA2fDA
BvRkpYKII-E,the-sun-is-setting-over-a-body-of-water-BvRkpYKII-E,2023-07-20T10:03:58Z,2025-02-25T14:13:49Z,,6000,4000,Halifax Sunset,https://unsplash.com/photos/BvRkpYKII-E/download?ixid=M3w3MTQ0NDV8MHwxfHNlYXJjaHw1MjY5fHxzdW5zZXR8ZW58MHx8fHwxNzQwNTAyMDA2fDA
DB20BT6-3Y8,body-of-water-during-sunset-DB20BT6-3Y8,2020-06-05T11:45:06Z,2025-02-25T15:47:58Z,,6000,4000,One of the many beautiful sunsets in Koh Phangan!,https://unsplash.com/photos/DB20BT6-3Y8/download?ixid=M3w3MTQ0NDV8MHwxfHNlYXJjaHw1Mjg4fHxzdW5zZXR8ZW58MHx8fHwxNzQwNTAyMDA2fDA
TF6YZm6WsQI,the-sun-is-setting-over-a-mountain-range-TF6YZm6WsQI,2023-08-06T21:42:50Z,2025-02-25T11:36:58Z,,6000,4000,the sun is setting over a mountain range,https://unsplash.com/photos/TF6YZm6WsQI/download?ixid=M3w3MTQ0NDV8MHwxfHNlYXJjaHw1MzUxfHxzdW5zZXR8ZW58MHx8fHwxNzQwNTAyMDA2fDA
i3T1g8ee6J8,silhouette-of-mountain-near-body-of-water-during-sunset-i3T1g8ee6J8,2021-06-28T16:31:57Z,2025-02-25T13:19:27Z,,6000,4000,Sunset in Montenegro. Follow me at @novokayn on IG for more photography.,https://unsplash.com/photos/i3T1g8ee6J8/download?ixid=M3w3MTQ0NDV8MHwxfHNlYXJjaHw1Mzg3fHxzdW5zZXR8ZW58MHx8fHwxNzQwNTAyMDA2fDA
ofI3UEN40_M,the-sun-is-setting-over-a-mountain-range-ofI3UEN40_M,2023-08-23T18:25:00Z,2025-02-25T14:17:09Z,2023-09-02T13:32:01Z,6000,4000,Sunsets,https://unsplash.com/photos/ofI3UEN40_M/download?ixid=M3w3MTQ0NDV8MHwxfHNlYXJjaHw1NDEwfHxzdW5zZXR8ZW58MHx8fHwxNzQwNTAyMDA2fDA
c7XUSSOs4rw,silhouette-of-statue-of-liberty-c7XUSSOs4rw,2019-10-28T02:42:02Z,2025-02-25T12:45:52Z,,6000,4000,Liberty sunset,https://unsplash.com/photos/c7XUSSOs4rw/download?ixid=M3w3MTQ0NDV8MHwxfHNlYXJjaHw1NDIyfHxzdW5zZXR8ZW58MHx8fHwxNzQwNTAyMDA2fDA
rhJkgCOl0Ow,silhouette-of-building-during-sunset-rhJkgCOl0Ow,2020-06-20T11:30:10Z,2025-02-25T12:57:26Z,,6000,4000,silhouette of building during sunset,https://unsplash.com/photos/rhJkgCOl0Ow/download?ixid=M3w3MTQ0NDV8MHwxfHNlYXJjaHw1NDMzfHxzdW5zZXR8ZW58MHx8fHwxNzQwNTAyMDA2fDA
VmX_XVrPYv8,a-flock-of-birds-flying-over-the-ocean-at-sunset-VmX_XVrPYv8,2024-10-05T08:23:27Z,2025-02-25T14:54:55Z,,6000,4000,A flock of birds flying over the ocean at sunset,https://unsplash.com/photos/VmX_XVrPYv8/download?ixid=M3w3MTQ0NDV8MHwxfHNlYXJjaHw1NDM3fHxzdW5zZXR8ZW58MHx8fHwxNzQwNTAyMDA2fDA
XlKzWEM1bmE,person-sitting-on-snow-covered-ground-during-sunset-XlKzWEM1bmE,2020-11-28T21:20:05Z,2025-02-25T13:06:48Z,,6000,4000,person sitting on snow covered ground during sunset,https://unsplash.com/photos/XlKzWEM1bmE/download?ixid=M3w3MTQ0NDV8MHwxfHNlYXJjaHw1NDY0fHxzdW5zZXR8ZW58MHx8fHwxNzQwNTAyMDA2fDA
z5k0Cha4lvY,the-sun-is-setting-over-the-ocean-with-a-sailboat-in-the-distance-z5k0Cha4lvY,2025-02-02T03:12:05Z,2025-02-25T15:02:48Z,,6000,4000,The sun is setting over the ocean with a sailboat in the distance,https://unsplash.com/photos/z5k0Cha4lvY/download?ixid=M3w3MTQ0NDV8MHwxfHNlYXJjaHw1NDY4fHxzdW5zZXR8ZW58MHx8fHwxNzQwNTAyMDA2fDA
O4mdum81wMM,silhouette-of-palm-trees-during-sunset-O4mdum81wMM,2020-09-17T15:29:03Z,2025-02-25T13:02:13Z,,6000,4000,silhouette of palm trees during sunset,https://unsplash.com/photos/O4mdum81wMM/download?ixid=M3w3MTQ0NDV8MHwxfHNlYXJjaHw1NTA2fHxzdW5zZXR8ZW58MHx8fHwxNzQwNTAyMDA2fDA
o9nvuYgLc6k,silhouette-photography-of-seashore-o9nvuYgLc6k,2019-07-17T20:28:35Z,2025-02-25T12:41:19Z,,6000,4000,Sunset,https://unsplash.com/photos/o9nvuYgLc6k/download?ixid=M3w3MTQ0NDV8MHwxfHNlYXJjaHw1NTM3fHxzdW5zZXR8ZW58MHx8fHwxNzQwNTAyMDA3fDA
zFZOWbybYow,the-sun-is-setting-behind-some-tall-grass-zFZOWbybYow,2024-02-16T14:27:47Z,2025-02-25T14:36:55Z,,6000,4000,Seagrass in the wind at Sunset | One of my family's favorite vacation spots. I've been on this beach since I was a child.,https://unsplash.com/photos/zFZOWbybYow/download?ixid=M3w3MTQ0NDV8MHwxfHNlYXJjaHw1NTM5fHxzdW5zZXR8ZW58MHx8fHwxNzQwNTAyMDA3fDA
QfRc-CJSwts,a-silhouette-of-a-cactus-and-a-sunset-QfRc-CJSwts,2024-09-23T06:23:52Z,2025-02-25T14:54:08Z,,6000,4000,A silhouette of a cactus and a sunset,https://unsplash.com/photos/QfRc-CJSwts/download?ixid=M3w3MTQ0NDV8MHwxfHNlYXJjaHw1NTQ5fHxzdW5zZXR8ZW58MHx8fHwxNzQwNTAyMDA3fDA
5pwcxz1Oiv8,two-people-standing-on-a-pier-watching-the-sun-set-5pwcxz1Oiv8,2024-08-20T21:09:09Z,2025-02-25T14:51:58Z,,6000,4000,Two people standing on a pier watching the sun set,https://unsplash.com/photos/5pwcxz1Oiv8/download?ixid=M3w3MTQ0NDV8MHwxfHNlYXJjaHw1NTU5fHxzdW5zZXR8ZW58MHx8fHwxNzQwNTAyMDA2fDA
Pz1VQAJZxTU,a-sunset-view-of-a-body-of-water-Pz1VQAJZxTU,2022-02-25T05:58:23Z,2025-02-25T13:37:19Z,,6000,4000,a sunset view of a body of water,https://unsplash.com/photos/Pz1VQAJZxTU/download?ixid=M3w3MTQ0NDV8MHwxfHNlYXJjaHw1NTYwfHxzdW5zZXR8ZW58MHx8fHwxNzQwNTAyMDA2fDA
o43eh8RgMag,a-group-of-people-standing-on-top-of-a-sandy-beach-o43eh8RgMag,2023-06-01T17:02:57Z,2025-02-25T11:33:24Z,,6000,4000,"A breathtaking sunset over the beach in Tel Aviv, Israel. The golden sun dips behind the clouds, casting a warm glow across the sky and the calm waves of the sea. Silhouettes of people enjoy the last moments of daylight, creating a peaceful and lively scene that captures the essence of a summer evening by the coast.et",https://unsplash.com/photos/o43eh8RgMag/download?ixid=M3w3MTQ0NDV8MHwxfHNlYXJjaHw1NTY0fHxzdW5zZXR8ZW58MHx8fHwxNzQwNTAyMDA2fDA
atzBxsDlYwo,silhouette-of-high-rise-building-beside-sea-during-golden-hour-atzBxsDlYwo,2019-10-09T15:05:13Z,2025-02-25T15:34:14Z,,6000,4000,New York City at sunset,https://unsplash.com/photos/atzBxsDlYwo/download?ixid=M3w3MTQ0NDV8MHwxfHNlYXJjaHw1NTc1fHxzdW5zZXR8ZW58MHx8fHwxNzQwNTAyMDA2fDA
mGmo5XEsw4M,trees-and-body-of-water-during-golden-hour-mGmo5XEsw4M,2019-11-14T05:00:38Z,2025-02-25T12:46:39Z,,6000,4000,Sunset in Okavango,https://unsplash.com/photos/mGmo5XEsw4M/download?ixid=M3w3MTQ0NDV8MHwxfHNlYXJjaHw1NTg4fHxzdW5zZXR8ZW58MHx8fHwxNzQwNTAyMDA2fDA
mT2QAA3Kjfk,body-of-water-under-cloudy-sky-during-sunset-mT2QAA3Kjfk,2021-05-24T21:28:53Z,2025-02-25T16:09:21Z,,6000,4000,body of water under cloudy sky during sunset,https://unsplash.com/photos/mT2QAA3Kjfk/download?ixid=M3w3MTQ0NDV8MHwxfHNlYXJjaHw1NjE0fHxzdW5zZXR8ZW58MHx8fHwxNzQwNTAyMDA2fDA
p8huB0vsBhg,people-standing-on-hills-p8huB0vsBhg,2019-09-02T16:35:24Z,2025-02-25T12:43:35Z,,6000,4000,people standing on hills,https://unsplash.com/photos/p8huB0vsBhg/download?ixid=M3w3MTQ0NDV8MHwxfHNlYXJjaHw1NjE1fHxzdW5zZXR8ZW58MHx8fHwxNzQwNTAyMDA2fDA
Ufmh-lFLcW0,the-sun-is-setting-over-a-mountain-range-Ufmh-lFLcW0,2025-01-03T20:51:12Z,2025-02-25T12:11:06Z,,6000,4000,The sun is setting over a mountain range,https://unsplash.com/photos/Ufmh-lFLcW0/download?ixid=M3w3MTQ0NDV8MHwxfHNlYXJjaHw1NjMxfHxzdW5zZXR8ZW58MHx8fHwxNzQwNTAyMDA2fDA
X5ugh7f51JQ,silhouette-of-trees-during-sunset-X5ugh7f51JQ,2020-07-06T11:18:56Z,2025-02-25T12:58:15Z,,6000,4000,Golden tree in the sunset,https://unsplash.com/photos/X5ugh7f51JQ/download?ixid=M3w3MTQ0NDV8MHwxfHNlYXJjaHw1NjMyfHxzdW5zZXR8ZW58MHx8fHwxNzQwNTAyMDA2fDA
w98nII1NVdQ,the-sun-is-setting-over-a-body-of-water-w98nII1NVdQ,2019-11-21T15:19:24Z,2025-02-25T12:46:57Z,,6000,4000,the sun is setting over a body of water,https://unsplash.com/photos/w98nII1NVdQ/download?ixid=M3w3MTQ0NDV8MHwxfHNlYXJjaHw1NjQzfHxzdW5zZXR8ZW58MHx8fHwxNzQwNTAyMDA2fDA
HwCeSIY_naU,the-sun-is-setting-over-the-mountains-in-the-desert-HwCeSIY_naU,2023-01-30T22:57:33Z,2025-02-25T11:25:39Z,,6000,4000,the sun is setting over the mountains in the desert,https://unsplash.com/photos/HwCeSIY_naU/download?ixid=M3w3MTQ0NDV8MHwxfHNlYXJjaHw1NjYyfHxzdW5zZXR8ZW58MHx8fHwxNzQwNTAyMDA2fDA
o6vunfrIFEI,a-sailboat-floating-on-top-of-a-body-of-water-o6vunfrIFEI,2023-01-26T19:48:29Z,2025-02-25T11:25:21Z,,6000,4000,a sailboat floating on top of a body of water,https://unsplash.com/photos/o6vunfrIFEI/download?ixid=M3w3MTQ0NDV8MHwxfHNlYXJjaHw1Njc4fHxzdW5zZXR8ZW58MHx8fHwxNzQwNTAyMDA3fDA
HfbIgK-ENp4,silhouette-of-trees-on-beach-during-sunset-HfbIgK-ENp4,2020-02-17T03:08:44Z,2025-02-25T12:50:41Z,,6000,4000,New York Sunset,https://unsplash.com/photos/HfbIgK-ENp4/download?ixid=M3w3MTQ0NDV8MHwxfHNlYXJjaHw1Njc5fHxzdW5zZXR8ZW58MHx8fHwxNzQwNTAyMDA3fDA
UkmJwW5sSf8,silhouette-of-trees-near-mountain-during-golden-hour-UkmJwW5sSf8,2019-11-06T10:22:40Z,2025-02-25T15:36:11Z,,6000,4000,"Mountain, nature, sunset, lanscape",https://unsplash.com/photos/UkmJwW5sSf8/download?ixid=M3w3MTQ0NDV8MHwxfHNlYXJjaHw1NjgwfHxzdW5zZXR8ZW58MHx8fHwxNzQwNTAyMDA3fDA
NolG1nHjf4E,a-sunset-over-a-body-of-water-with-tall-grass-in-the-foreground-NolG1nHjf4E,2024-02-16T14:27:47Z,2025-02-25T14:36:55Z,,6000,4000,Seagrass in the wind at Sunset | One of my family's favorite vacation spots. I've been on this beach since I was a child.,https://unsplash.com/photos/NolG1nHjf4E/download?ixid=M3w3MTQ0NDV8MHwxfHNlYXJjaHw1Njk0fHxzdW5zZXR8ZW58MHx8fHwxNzQwNTAyMDA3fDA
m8ZPlILKoIY,the-sun-is-setting-over-the-horizon-of-the-ocean-m8ZPlILKoIY,2024-02-12T22:49:53Z,2025-02-25T14:36:34Z,,6000,4000,the sun is setting over the horizon of the ocean,https://unsplash.com/photos/m8ZPlILKoIY/download?ixid=M3w3MTQ0NDV8MHwxfHNlYXJjaHw1NzMyfHxzdW5zZXR8ZW58MHx8fHwxNzQwNTAyMDA3fDA
3YDTsHVL04Y,the-sun-is-setting-over-a-mountain-range-3YDTsHVL04Y,2024-01-04T21:56:04Z,2025-02-25T14:32:10Z,,6000,4000,A stunning sunset spilling over Vermont's mountains.,https://unsplash.com/photos/3YDTsHVL04Y/download?ixid=M3w3MTQ0NDV8MHwxfHNlYXJjaHw1NzMzfHxzdW5zZXR8ZW58MHx8fHwxNzQwNTAyMDA3fDA
AdHUvgUSaJs,silhouette-of-boat-on-sea-during-sunset-AdHUvgUSaJs,2020-07-16T12:28:50Z,2025-02-25T12:58:43Z,,6000,4000,"Sunset at Lake Balaton, 2020.",https://unsplash.com/photos/AdHUvgUSaJs/download?ixid=M3w3MTQ0NDV8MHwxfHNlYXJjaHw1NzQzfHxzdW5zZXR8ZW58MHx8fHwxNzQwNTAyMDA3fDA
cR2VQLsQN_w,silhouette-of-land-during-golden-hour-cR2VQLsQN_w,2019-10-13T18:00:49Z,2025-02-25T12:45:12Z,,6000,4000,silhouette of land during golden hour,https://unsplash.com/photos/cR2VQLsQN_w/download?ixid=M3w3MTQ0NDV8MHwxfHNlYXJjaHw1NzUxfHxzdW5zZXR8ZW58MHx8fHwxNzQwNTAyMDA3fDA
sGNiecayrYM,sunset-view-sGNiecayrYM,2019-02-26T16:58:59Z,2025-02-25T15:24:29Z,,6000,4000,sunset view,https://unsplash.com/photos/sGNiecayrYM/download?ixid=M3w3MTQ0NDV8MHwxfHNlYXJjaHw1NzU0fHxzdW5zZXR8ZW58MHx8fHwxNzQwNTAyMDA3fDA
_5ZRUj5FEZY,silhouette-of-trees-during-sunset-_5ZRUj5FEZY,2020-01-24T00:11:59Z,2025-02-25T15:39:58Z,,6000,4000,A look through the trees,https://unsplash.com/photos/_5ZRUj5FEZY/download?ixid=M3w3MTQ0NDV8MHwxfHNlYXJjaHw1NzU5fHxzdW5zZXR8ZW58MHx8fHwxNzQwNTAyMDA3fDA
S2gcHLZZH-M,green-grass-field-near-mountain-during-daytime-S2gcHLZZH-M,2020-05-19T20:19:43Z,2025-02-25T15:46:53Z,,6000,4000,"Burning sky over the chaine des Puys - Auvergne, France
 Autumn 2019",https://unsplash.com/photos/S2gcHLZZH-M/download?ixid=M3w3MTQ0NDV8MHwxfHNlYXJjaHw1NzY4fHxzdW5zZXR8ZW58MHx8fHwxNzQwNTAyMDA3fDA
D8suzq1aMTg,the-sun-is-setting-over-the-ocean-with-birds-in-the-water-D8suzq1aMTg,2024-10-19T19:25:04Z,2025-02-25T12:06:19Z,,6000,4000,The sun is setting over the ocean with birds in the water,https://unsplash.com/photos/D8suzq1aMTg/download?ixid=M3w3MTQ0NDV8MHwxfHNlYXJjaHw1ODAyfHxzdW5zZXR8ZW58MHx8fHwxNzQwNTAyMDA2fDA
mUc2uYf751c,trees-and-clouds-during-golden-hour-mUc2uYf751c,2018-11-15T17:52:34Z,2025-02-25T15:20:08Z,,6000,4000,"A photo of a bright tangerine making a bold statement as it sets on the hills of Dehradun, India.",https://unsplash.com/photos/mUc2uYf751c/download?ixid=M3w3MTQ0NDV8MHwxfHNlYXJjaHw1ODMyfHxzdW5zZXR8ZW58MHx8fHwxNzQwNTAyMDA3fDA
4jWP4jr3Ycc,a-sunset-over-a-body-of-water-with-a-tree-in-the-foreground-4jWP4jr3Ycc,2020-06-03T00:27:42Z,2025-02-25T12:56:26Z,,6000,4000,Sunset caught through a tree.,https://unsplash.com/photos/4jWP4jr3Ycc/download?ixid=M3w3MTQ0NDV8MHwxfHNlYXJjaHw1ODM3fHxzdW5zZXR8ZW58MHx8fHwxNzQwNTAyMDA3fDA
gAvQllVe1_Y,a-group-of-boats-floating-on-top-of-a-body-of-water-gAvQllVe1_Y,2025-01-26T06:34:55Z,2025-02-25T15:02:11Z,,6000,4000,Sunset in Mae Haad,https://unsplash.com/photos/gAvQllVe1_Y/download?ixid=M3w3MTQ0NDV8MHwxfHNlYXJjaHw1ODg2fHxzdW5zZXR8ZW58MHx8fHwxNzQwNTAyMDA2fDA
mx3QfohL9xE,landscape-photo-of-clouds-during-golden-hour-mx3QfohL9xE,2018-12-05T12:26:53Z,2025-02-25T12:33:52Z,,6000,4000,Landscapes & Sunsets in Tuscany,https://unsplash.com/photos/mx3QfohL9xE/download?ixid=M3w3MTQ0NDV8MHwxfHNlYXJjaHw1ODg5fHxzdW5zZXR8ZW58MHx8fHwxNzQwNTAyMDA2fDA
3y6nGg_axSI,a-sunset-over-a-body-of-water-with-mountains-in-the-background-3y6nGg_axSI,2021-10-24T08:00:55Z,2025-02-25T16:18:04Z,,6000,4000,a sunset over a body of water with mountains in the background,https://unsplash.com/photos/3y6nGg_axSI/download?ixid=M3w3MTQ0NDV8MHwxfHNlYXJjaHw1ODk3fHxzdW5zZXR8ZW58MHx8fHwxNzQwNTAyMDA2fDA
WJekGENPQjY,the-sun-is-setting-over-the-mountains-in-the-distance-WJekGENPQjY,2022-04-15T01:55:33Z,2025-02-25T16:32:34Z,,6000,4000,Whispering silence.,https://unsplash.com/photos/WJekGENPQjY/download?ixid=M3w3MTQ0NDV8MHwxfHNlYXJjaHw1OTI2fHxzdW5zZXR8ZW58MHx8fHwxNzQwNTAyMDA3fDA
Z68U-klLS3g,a-couple-of-boats-floating-on-top-of-a-body-of-water-Z68U-klLS3g,2022-01-21T09:21:02Z,2025-02-25T13:35:08Z,,6000,4000,Never too late for a swim at Lord Howe Island,https://unsplash.com/photos/Z68U-klLS3g/download?ixid=M3w3MTQ0NDV8MHwxfHNlYXJjaHw1OTM5fHxzdW5zZXR8ZW58MHx8fHwxNzQwNTAyMDA3fDA
xcpj_c83q7s,the-sun-is-setting-over-a-city-with-tall-buildings-xcpj_c83q7s,2024-05-16T16:36:13Z,2025-02-25T14:45:05Z,,6000,4000,the sun is setting over a city with tall buildings,https://unsplash.com/photos/xcpj_c83q7s/download?ixid=M3w3MTQ0NDV8MHwxfHNlYXJjaHw1OTkyfHxzdW5zZXR8ZW58MHx8fHwxNzQwNTAyMDA3fDA
m-GrXn_Klno,the-sun-is-setting-over-the-trees-in-the-distance-m-GrXn_Klno,2022-01-28T22:42:58Z,2025-02-25T16:26:14Z,,6000,4000,Sunset,https://unsplash.com/photos/m-GrXn_Klno/download?ixid=M3w3MTQ0NDV8MHwxfHNlYXJjaHw1OTk2fHxzdW5zZXR8ZW58MHx8fHwxNzQwNTAyMDA3fDA